idx,scenario_id,gt_focal_event,gt_other_event,risk,pred_closest_m
0,00010486-9a07-48ae-b493-cf4545855937,0,0,0.0,3.18
1,00062a32-8d6d-4449-9948-6fedac67bfcd,0,0,0.0,9.18
2,0006ca28-fcbb-4ae2-9d9e-951fa3b41c1c,0,0,0.0,14.26
3,0007df76-c9a2-47aa-83bf-3b2b414109c9,0,1,0.0059,0.38
4,0015197d-b916-43b6-bcaa-8a7d90d7b87d,0,0,0.1667,1.23
5,00170a57-eb8a-4947-8b7d-7b12af7af2db,0,0,0.0,3.43
6,001749f1-bc1c-47fb-a13f-9ab1f2c050a8,1,1,0.0,2.97
7,00190202-a988-4f35-96b5-876869b4e0a3,0,0,0.0,9.13
8,00195499-be19-4cfb-867a-f6a78c43f51c,1,0,0.0,3.29
9,001ce108-22b2-4e40-bcf3-40d22732a8c3,0,1,0.0852,0.97
10,001d7c9e-4f80-4d1d-9ad9-5b6432c4fb36,0,1,0.169,0.89
11,001e7a56-f046-4f05-bd8f-ddf320079eae,0,0,0.0,70.39
12,001f9701-34f9-4811-bcbb-8cf1a412fb0e,0,0,0.4382,0.18
13,00226ff5-0ee6-43b7-8568-ffd0f357db91,0,0,0.0,5.6
14,00230ccd-4922-4f8c-b67f-ba70d0db22d3,0,1,0.0,10.53
15,0028b424-9a0a-4b3e-a59e-0fc183c02095,0,0,0.3838,0.07
16,002ba35d-be70-4ce4-b15a-01a28e0ae801,0,0,0.0,3.19
17,003363ad-fa78-45f9-a8d7-716f4ea6d586,0,1,0.0,20.08
18,00351569-255c-433e-b97b-e2a844d1b6e0,1,1,0.9962,0.6
19,0036b8de-9be1-4861-adcf-34671484a3c3,0,1,0.8173,0.35
20,003a8853-461a-4fa4-9a04-be07aae9b70c,0,0,0.3213,1.5
21,00404e6d-ff66-460e-8f22-bc61fc9f7f9d,0,0,0.0,1.5
22,004153a3-9385-4f91-b702-76d58a222bdb,0,1,0.0,7.4
23,00422cc5-b120-49db-982f-fc0c1e1eaf8d,0,0,0.2707,0.25
24,00430751-d928-472b-9944-ea55b2fb8d89,0,0,0.0,2.82
25,0044b5c0-f492-43b3-ae9c-daa8ff1c9584,0,0,0.0,23.26
26,00450480-0bcd-46b9-a48b-5337d8c9d0a3,0,0,0.0,22.28
27,0046bad9-f29c-4365-bfba-a087a1075667,0,0,0.0,27.17
28,0051a8c9-e50e-4cde-b003-1a103de0fdb1,0,1,0.0,3.03
29,00546066-20ea-4012-854a-fcdb47973b92,0,0,0.0,13.46
30,0058ed53-93bf-42a7-9bba-6df3f6ce20f5,0,0,0.6049,0.2
31,005b26cb-7ddc-4e9e-b2d1-55c49f1c6e85,0,1,0.1173,0.61
32,005f3e26-75cb-43a5-b61a-89343d490fdf,0,1,0.0082,0.38
33,00629110-b592-4d2a-8524-b5f2e9661048,0,0,0.0,8.06
34,0066f16d-cee1-44db-aa9d-aca38e9761f4,0,1,0.0,17.79
35,0067cf62-4775-425e-8edc-28fd8622b920,0,1,0.6023,0.53
36,0072a11c-c3f5-4d44-b4e1-04117bc4100b,0,0,0.0,58.05
37,007408b9-948f-42c9-aed4-a03339f3aa4f,0,0,0.0,5.39
38,007471ae-7006-49ec-903d-a9465c4fa379,0,0,0.0,89.89
39,007e6152-fb08-4a1b-be8c-d60e4d8635ce,0,1,0.0,3.52
40,008415aa-6a7d-4c51-9b82-f29bc76f7f28,0,0,0.0,5.58
41,0085e780-a3b2-4432-a64f-56e7b3394432,0,0,0.0,1.94
42,00868013-e5b7-4b75-b30c-045bb4244627,0,0,0.0,4.78
43,008e9697-bbd5-46fa-a2df-bcda736bab18,0,0,0.0,2.51
44,008eacb9-eef8-4781-96e4-7446926a2fea,0,0,0.0,9.43
45,0091bad9-e7b2-4c07-aa12-6b5fd03c63d2,1,0,0.0,2.53
46,0092658a-5705-4a48-9de0-195b430c03f8,0,0,0.0,21.25
47,00976f6f-59fa-4fad-ba0b-828cce074d97,0,0,0.0012,0.38
48,009ba352-ea89-45cb-83e8-c8e65148d87e,0,0,0.0,96.82
49,009cf3d3-fd2c-4361-b926-eca40c138446,0,1,0.0,9.16
50,00a0ec58-1fb9-4a2b-bfd7-f4e5da7a9eff,1,1,0.0,3.71
51,00a28ba6-9343-42b7-9458-5aebdf1a7360,0,0,0.0025,0.28
52,00a50e9f-63a1-4678-a4fe-c6109721ecba,0,0,0.0,23.02
53,00a5d0a7-3be4-4008-a77b-4eebe77b1480,0,0,0.0,3.76
54,00a8fc17-d464-47c6-95f9-4e99a9a6fe86,0,0,0.0,31.38
55,00a9541f-a00c-45c6-9071-dec34f5f818b,0,1,0.0,3.58
56,00aa433e-6dcf-4919-b660-309d6bd75447,0,0,0.0,2.43
57,00abf9e5-4bc0-4b90-a3da-9d858df18f7d,0,0,0.0009,0.49
58,00b2262d-bb33-4756-963e-4a5c87d8bd5d,0,0,0.0,8.44
59,00b265e1-3c7e-44fc-b725-29d4f2cde0bd,0,1,0.0,8.28
60,00b37268-eeb0-4a5b-8241-e33a530fe267,0,0,0.0,11.04
61,00b3a6f5-32ce-4d91-b320-10284ab921be,0,0,0.0035,0.25
62,00b87c67-701e-40e4-a1b7-002717d0a4e5,0,1,0.0,2.63
63,00bb46d3-2f4e-4c7b-95bd-51a65ff9670e,0,0,0.0,73.53
64,00bb5f2e-c964-4fcd-9c6a-4353a7baed6e,0,0,0.2975,0.24
65,00bd1af3-e5a4-4042-b0dd-627f6cc66ee8,0,0,0.0,12.74
66,00c1667c-0e02-44b2-8e5e-29dc81dfd323,0,0,0.0,14.49
67,00cf7a09-b98d-4c87-921a-830066a07100,0,1,0.0,46.5
68,00d95e80-1f97-48ef-8bf6-651e6c93678f,0,0,0.0,31.07
69,00d9f613-2637-4665-b640-15ca2219929a,0,1,0.0059,0.53
70,00dd0b81-388f-40fd-a8f5-82d05d566cf5,0,0,0.0,14.67
71,00ddb469-aea8-443b-a4f9-a5acff486b77,0,0,0.0,9.08
72,00de80df-9dfe-4ef7-a17f-7855caf9878f,0,0,0.0,6.5
73,00e14259-7419-4f92-9699-835bc4f62536,0,0,0.0054,0.87
74,00e194d5-57e3-4cd5-ba8d-61f89acea8c1,0,0,0.0072,1.05
75,00e21119-f350-4664-b77e-18823533a1a6,0,1,0.0,13.84
76,00e2cd17-25bc-42f2-8f33-17ae24d17a5f,1,0,0.0,2.29
77,00e452e1-1a79-4327-abb2-fbbe0097b1b5,0,0,0.0,10.39
78,00e988db-319b-45b1-b16d-ccbbeaeb07cc,0,0,0.1981,1.44
79,00ea15e0-d833-4d56-8b67-c640fefc81ee,0,1,0.0,21.43
80,00eb04c6-a59e-4ff4-9d26-325b629b212b,0,0,0.1205,0.32
81,00eb27a5-f716-4f7f-a877-113550040df3,0,1,0.0,6.06
82,00ef7d7b-4709-4429-8714-48cfea6b4dde,0,0,0.0,5.17
83,00f0977f-caf9-4781-b2b6-9747cbb7e7a3,0,1,0.0,18.61
84,00f1879f-ec21-4a4c-9c7b-84648379249b,0,0,0.0,44.22
85,00f4189b-4296-4f07-a2b5-787c0db651ff,0,0,0.5882,0.5
86,00f65fe7-7d7c-4feb-9618-2742362cc12f,0,0,0.0007,2.13
87,00faa003-edc2-4184-b159-26155d40fdcb,0,1,0.0,5.32
88,01069700-248e-4881-843a-d41206389020,0,0,0.0,9.0
89,01097a43-cccc-4ea1-97f7-c24bd10a8234,1,0,0.0,2.24
90,0109ca7d-7ec2-4530-bfb1-4c7d1feb892d,0,1,0.0,8.63
91,010cc179-827b-433c-a14d-c2b27ee9ded7,1,1,0.0,3.98
92,01154df6-1058-404c-91eb-e78992da5a38,0,0,0.0,41.12
93,0119275b-35ba-48d9-9cde-cb72f2849423,0,0,0.0,27.53
94,011d6552-93e1-4766-a2ac-8209ef17f9c9,0,0,0.0,46.75
95,011edc25-d8b7-4471-a2dc-9d44231f1b62,0,0,0.0,42.78
96,011f5450-0124-43f2-8374-9322c5f99c50,0,0,0.0,4.56
97,0123336f-afc6-4704-9ed0-efc5bea121f0,0,0,0.0,5.78
98,0124a476-262a-4afc-b7b5-3f4d41b413a8,0,0,0.3104,2.12
99,012ae3e3-aa0b-45e6-af38-f8ddb5ecec6b,0,0,0.0,11.55
100,012d987d-0f4a-47f7-99c3-04278e8e897e,0,0,0.0,3.67
101,01340461-df3d-4d25-9085-657d1c7839f3,0,0,0.0559,1.19
102,0134aa84-8bf4-4b83-8c84-c3598e69b663,0,1,0.0,3.53
103,013563bf-4b77-464d-8930-612b2d58816c,1,1,0.0,2.67
104,0136e98b-3f68-4cb4-9b5c-cbe5799980c9,0,0,0.0,7.27
105,01398017-cd33-4092-a16c-2b1f78da7546,0,0,0.0,22.99
106,013b721e-322b-4e5c-91f2-3c455c1196ec,0,1,0.0094,0.29
107,013c7009-91c3-42e8-8ef2-8633d90f7d95,0,1,0.1134,0.07
108,0143050d-d577-494c-929b-0a9811c6e7b5,0,1,0.0129,1.13
109,014586b7-0816-4c04-b92d-981bd5de9984,0,0,0.0,45.58
110,01465848-057b-4ec6-934d-2f0609f344cc,0,0,0.0,7.46
111,01485c35-55a9-4ada-bf96-03751f2193b9,0,0,0.029,1.15
112,014a4282-3688-40b9-a881-02748e279acf,0,0,0.0,15.37
113,014d18b9-7c8e-44c3-aeb0-bd285b6a0009,0,1,0.039,0.92
114,014fd1db-07e6-4975-95f8-d295e675f230,0,0,0.0,8.8
115,015b821a-520a-4a2f-92cd-de0de2f617c4,0,1,0.0,6.87
116,015e5479-1888-4d13-816c-689d9437599e,0,0,0.0,10.94
117,015ec6a8-5bb1-43d2-9afc-866b8d3a6ae4,0,1,0.0,21.2
118,01608445-d0c0-4ab1-ad71-c1f2366af236,0,0,0.0,2.54
119,01648874-5934-457c-abb1-586a68bc6cf9,0,0,0.0,14.45
120,016571a9-11d3-43e1-9fbb-eb286220fb81,0,0,0.0,0.17
121,0168106d-6aac-4b54-adec-fb9996040418,0,1,0.0,16.98
122,0168f167-e4ad-4850-962b-6f0ec3292f92,0,0,0.0,41.92
123,0169c8ca-0230-4e03-8c83-7d01cbd77d37,0,0,0.0,11.56
124,0169cd4a-5b5a-4016-80b9-828cc05e554c,0,0,0.6395,1.3
125,016b7b76-b5d0-4891-8205-3942113b05aa,1,0,0.6873,1.32
126,0171cf17-b4c7-4772-af3a-54f338d52101,0,0,0.0,12.64
127,01740590-deff-4fa8-928a-e77ad373acf9,0,1,0.0,4.5
128,0177f3b7-ded5-4542-b4ce-009cda952dc1,0,0,0.0,10.99
129,0181eaca-74f6-4478-865f-df2d20802041,0,0,0.7929,0.6
130,018230c9-cd2b-474d-9079-20e31b1d6648,0,0,0.0,4.05
131,0182d40d-e8e4-4149-84db-b4dd76de9cdc,0,0,0.0046,2.05
132,01883b10-f2de-4514-906d-47a65fec45d3,0,0,0.0,3.16
133,0189a457-7e10-4eee-9532-d5e9273a5ef6,0,0,0.0,6.77
134,0189cec7-f323-4487-97d9-46cbd40a2af0,0,0,0.0,11.54
135,018b5689-8c37-4286-aebc-85b51a5d9392,0,0,0.0,12.83
136,019049a7-4f8b-429a-a925-478d97a4ef8a,0,1,0.0,42.46
137,019231d2-4fa5-4f1a-bb2d-04c4a08890b3,0,0,0.0,57.19
138,0193b2be-f638-4af5-aa57-5364461286de,0,0,0.0,7.81
139,019535d0-6810-4cf7-8327-d5f59607ae58,0,0,0.797,0.27
140,01968413-2a52-4d0f-aef1-89487e3f7e1e,0,0,0.0015,1.74
141,019f7c63-0331-45e8-957b-65330d52c95d,0,1,0.0,3.95
142,01a33cc7-93cf-44c3-acaa-9f5dc3ca88f9,0,1,0.0,1.7
143,01aa2ec8-ba08-41e7-9d41-215c38581c7c,0,0,0.2315,0.28
144,01aaa27b-6781-4299-ac1d-11ab7d40b1c9,0,0,0.0,8.77
145,01ad19fa-e2b3-49f4-bfbd-2b346fd1d091,0,1,0.0,2.57
146,01c0d443-8170-4cc9-8001-e4d41034a173,0,0,0.0,15.39
147,01c4ac10-5f99-460f-bc86-fd64d704ddf8,0,0,0.0,14.11
148,01c53999-fca1-4c5c-b790-56d05a62d45d,0,0,0.0059,0.81
149,01ca1736-ec51-41aa-8c73-3338c574a83a,0,0,0.0,2.52
150,01cde1f9-df92-4761-aa64-3fed3d1e93c2,0,0,0.0039,1.37
151,01cf2434-2b72-41fd-8fd8-439038f90959,0,0,0.0,58.47
152,01d10f88-b95b-44ae-a33f-3f819f372553,0,0,0.0,2.5
153,01d2eaa8-9188-4346-afaa-0a8fc55f76e2,0,0,0.0027,1.54
154,01d3dcb9-50dc-4084-8ef5-b30e11b089cd,0,0,0.0,6.15
155,01d69373-46c8-46bf-a500-aa7833faf886,0,0,0.9541,0.44
156,01d7deae-31e9-4657-843f-c30009b09f1c,0,0,0.0,11.06
157,01dc8c71-9e9b-483b-91a5-e71d093659ee,0,0,0.0,5.61
158,01ea7833-0216-4af2-a81a-ac6355391f73,0,0,0.0053,0.74
159,01ed6986-529a-4252-b25e-8052fbc8233f,0,1,0.0,4.01
160,01f85d76-2704-4640-b28b-570594232599,0,1,0.1657,0.28
161,01f8e244-8202-4e51-9769-9f7bce6487f8,0,1,0.0,3.73
162,01fca836-8c06-47cb-9369-70104ecb3afe,0,1,0.7269,1.82
163,020128fb-4f88-4901-b942-2b815fbf0738,0,1,0.0,6.71
164,02017859-da93-41ba-aa76-2288cb63f92f,0,1,0.0,4.75
165,0203f947-02e1-48c0-8d2d-eb26e39317bd,0,1,0.0,3.21
166,0208f4d8-f35d-4d8f-9a94-b774de8c3fa0,0,0,0.0,15.52
167,020cd834-379f-418e-891e-e6e766b26c14,0,1,0.0,2.17
168,020eb6fa-c82e-40cc-bd37-ae6992391142,0,0,0.0082,0.23
169,021024aa-34d7-4591-96b7-396004378588,0,0,0.0,9.81
170,02140af8-c64b-4f82-87a7-b32c7ec3633e,0,1,0.0,2.77
171,0215552f-6951-47e5-8cf6-3d1351d28957,0,1,0.0,19.35
172,0215f173-8164-4cef-b51c-fea24c98cba9,0,0,0.0,14.87
173,021bb967-2faf-4528-a334-9b249d4b36ee,0,0,0.0175,0.64
174,021d8f3c-0f97-40e9-90f1-96f22706f5b6,0,0,0.0,112.39
175,0228c7db-252d-49ce-8caf-fb6a131261b0,0,0,0.0,4.24
176,022accfa-a406-419b-bdad-b2867370b477,0,0,0.0019,1.02
177,022c5148-8d15-4429-b649-6e7dc3354dc8,0,0,0.9503,0.13
178,022caabc-26fb-4ef7-8495-63ac3894b018,0,0,0.0,17.13
179,022d8a5b-10e5-436f-85e5-aa3240c778e5,0,1,0.0,100.91
180,022dc6e2-adc2-4991-988a-d85957d41262,0,1,0.1399,1.75
181,02310b3c-10fc-4848-a883-d9578d0e175e,0,0,0.0,17.93
182,023247e3-b62d-4d81-8453-5d24354e3c9f,0,0,0.0,2.83
183,0236e0f6-fa31-45ec-82b2-c1abcdc486fc,0,0,0.0,5.11
184,02382383-9a0f-4654-8a6f-468d285ae847,0,0,0.0,10.95
185,0238aa4b-940b-4bed-b4b2-785d19213cd4,0,1,0.0,9.83
186,023a6721-dd09-4edb-9d0d-9bbd2ffde5ce,0,0,0.0,12.31
187,023c4757-bfc8-4569-b32e-11dd0c9f53e1,0,0,0.0,16.18
188,023f9e9c-75f1-494d-9b69-3ca2cd17a8d6,0,0,0.0,2.87
189,024057e0-ceb2-4469-a7ee-ebb8c2571290,0,0,0.0,3.22
190,024338e0-da9b-42a3-a67c-9e2b80e3e466,0,0,0.0012,1.32
191,02461a3b-b783-458c-93b1-5726183b6869,0,0,0.0,58.19
192,02464d4a-8287-46b2-88e8-4ca9a7f8db86,0,0,0.0,28.8
193,02491617-bad6-4ad0-aead-e8cabc6bb48c,1,0,0.0,3.03
194,024bfe25-e29a-4b12-9edb-5bb727cf27a1,0,0,0.8502,0.38
195,02509248-5f65-4af6-bc9a-a88369bf32c2,0,0,0.0,13.41
196,0253511d-47fd-446f-bacd-1f81047c24b9,0,0,0.0,10.39
197,02538229-02ca-487c-842a-20a60c8767b5,0,1,0.0,11.29
198,02547d9c-2dd4-4b6f-8678-10ce8b82f320,0,1,0.0,2.57
199,025487a2-79fe-4db5-99cc-3bb248999f79,0,0,0.0,5.22
200,0255d5d9-15ee-477f-8a5d-e021a5462305,0,1,0.0174,0.21
201,02590051-6153-4257-b586-9545f58d20f2,0,0,0.0,19.87
202,025a13f9-b08a-429a-9059-7e9eb1e06c45,0,0,0.0072,1.35
203,025dc8d5-bc7f-49b0-9a7e-ffe18b3e1125,0,0,0.0005,2.11
204,025fd3a0-aee2-4739-b16a-4f7810831f1f,0,1,0.0,80.96
205,0260d253-e5c1-4fb7-a7d8-95d6c4980f06,0,1,0.0,3.1
206,0264af5e-1e0e-4886-8b6c-526c2eab3b14,0,0,0.0,2.5
207,0266f999-928b-441a-8c82-3a67038f646f,0,0,0.0,9.55
208,0269b56d-c68f-4a49-bed0-360757923c69,0,0,0.0,8.86
209,027b81a3-f7ae-41dc-aa94-229b40dd98b1,0,1,0.0,16.01
210,027ce064-d67b-4ef6-b246-a0971274e132,0,1,0.0,10.35
211,027e4177-b97d-4f7c-a0f6-591ca68330f9,0,0,0.0,20.7
212,027ef393-57cd-48e8-a2bb-39e78b9c6fb4,0,0,0.0,2.9
213,027f22a3-4bd9-42ae-a165-a9d6b4e2ef78,0,0,0.0,50.85
214,02807b27-d648-4887-a79e-6f7b775eb34c,0,0,0.0,15.0
215,0280d95b-37bb-4af9-9b35-64e9e3a09897,0,0,0.0,72.34
216,0284deea-c47e-47c6-b949-13efe955b070,0,0,0.6611,0.06
217,028a6168-6c93-44a3-8be7-874a717f3770,0,0,0.0,50.79
218,028ccc06-4cae-4395-ab18-f037e07e9c42,0,1,0.0,4.96
219,029012ee-19d6-4d7d-b45e-09cdd77d0e92,0,0,0.0041,2.05
220,02994e7a-1be1-4e43-9f16-02f8aaca86b4,0,0,0.0,23.89
221,0299fdda-3967-47f6-9cfa-0a57869df3ff,0,0,0.0,3.45
222,029e1006-cff6-47cb-81de-d1c18deee079,0,0,0.0,45.35
223,029e621e-c82d-4a2f-8498-1ebbd94c6a35,0,1,0.0,7.05
224,02a69394-a6db-4322-ac2d-b38119e94c15,0,0,0.0267,0.65
225,02aa936c-8c1a-4be9-97f2-76455b9351a7,1,0,0.0014,1.3
226,02ad9a10-525b-4c1b-bc2e-1c0762af13a8,0,0,0.0114,0.94
227,02ae120e-ebc6-49bf-924a-f7f328a18cf4,0,0,0.0,6.46
228,02b186e4-b7f3-4c47-a492-3219e3d6e3ba,0,0,0.6989,0.84
229,02b57064-6fe3-41a4-8ad5-24e51abbdac4,0,0,0.0,22.66
230,02b6146b-376b-43d1-a8bb-6a73088d7260,0,1,0.0,45.31
231,02b79459-8195-4715-8541-3657915e6245,0,1,0.0,2.54
232,02b8441d-1c61-4e33-91ff-ed2a5929b395,0,0,0.0,17.48
233,02baa3c0-37b0-4599-baff-a4101532687d,0,0,0.0,39.45
234,02bb77b3-e288-4e26-9139-f47f6863fbc2,0,0,0.0,4.96
235,02bd8f8c-e552-42d4-a23c-8d9d2e153b7b,0,1,0.0,16.18
236,02c16161-8786-4047-ba2e-a62e0faa419d,0,0,0.7616,0.11
237,02c22132-7ab8-4b93-9925-cc5bc1759061,0,0,0.0,12.1
238,02c4c773-a4f1-4f9b-a186-d0d34ff93641,0,0,0.0,9.42
239,02c86c81-b43b-4c93-9033-4f21da22a24d,0,0,0.0,12.2
240,02cc4ddf-7f67-4f14-9e66-653810ccdfc2,0,0,0.0,32.32
241,02d3faab-eb6c-4f42-a922-857e314c1507,0,0,0.0,5.41
242,02de1808-f374-41ce-84cb-a311dd8ac17c,0,1,0.0,3.63
243,02df3560-c7df-4c72-9aba-45babf8aef8e,0,0,0.0334,1.24
244,02e4437b-309e-452f-90c8-bb8bc7cd0bee,0,0,0.0,0.08
245,02e8bdb8-c5a0-4f88-b404-f0e305fca367,0,1,0.0,12.41
246,02ea59b1-3aac-46cf-b3f7-0358aa842499,0,0,0.4478,0.29
247,02eb864b-0f8d-4e20-8f61-87425c8302c6,0,1,0.0,27.41
248,02eb9cea-68ef-44a4-9951-e0301ffcaace,0,0,0.0,3.37
249,02ecb39d-b566-4a45-b641-694b6dc452c3,0,1,0.0,22.96
250,02ed805c-5223-4a48-a9d1-3768bc72aa7c,0,0,0.0,6.45
251,02eef7c9-620e-4823-b97a-082397bc8078,0,0,0.0,30.04
252,02f2d954-5514-4c12-a608-8d5a0aebbe61,0,0,0.0,6.29
253,02f59b36-3288-4c79-ac01-b5afd35eb53e,0,0,0.0,19.3
254,02f9c042-d28b-4104-88a6-889715346890,0,0,0.0,10.01
255,02fa3af3-1e85-4037-abd1-cd30bfb0b86f,1,0,0.0,1.39
256,02fa5a73-aac4-4c52-ba41-a7f5804d93ab,0,1,0.0,30.92
257,02fb0b7d-7396-4cfd-afd9-5ad6a8302e51,0,1,0.0,5.22
258,02fc0395-856b-4131-a6eb-2a5d211d41c9,0,0,0.0,6.88
259,02fdf762-5621-417e-b488-a43a4be7fb06,0,1,0.1106,0.18
260,0300c983-cc75-403d-a471-649bd76d34f2,0,1,0.0079,0.29
261,03046c11-3a07-4553-8213-b9bb37171336,0,0,0.0,5.09
262,03068be2-baec-4927-81f9-5ab2f87bd890,1,0,0.0,3.46
263,0306f815-82cf-4ea7-948a-b4c0c7aadd2b,0,0,0.4157,0.34
264,0307fa81-9363-4b36-83d5-9eb7f1d5e188,0,0,0.0,25.39
265,030a3893-bd32-4855-936f-992c77fd4aab,0,1,0.0,16.39
266,030c97d9-a9f6-4f3a-851c-b3491a09d4eb,0,0,0.0,23.63
267,030fdfe8-8404-45b0-ada4-117e24498069,0,1,0.0,24.67
268,0319dd70-604b-4681-a139-a63b5777df2f,0,0,0.0,10.59
269,031d46d5-aff7-4789-b998-a35511f89389,0,0,0.011,1.84
270,031d5bf6-1d44-4fbc-918c-61eb9203a170,0,1,0.0,9.62
271,03219b3e-b385-4779-99f5-aa1ca5783f33,0,0,0.0,21.54
272,0324a545-ba68-4fdc-b4f8-aadf0c57d62f,0,1,0.9651,0.18
273,0325149c-9366-4a2a-a582-81acb67ae829,0,0,0.0,13.04
274,032618a4-3f4b-456a-b575-17297fcc1ceb,0,1,0.9552,0.08
275,032cfd2b-f5db-4f2b-bc27-d1d89305a666,0,0,0.0,17.36
276,032d083b-3926-4b24-bff4-cc61bd423960,0,1,0.0017,0.8
277,0332eace-a5e2-426b-ad40-6651f7759d47,0,0,0.0,8.65
278,033e8dfd-8bd9-4a6d-b016-7238c2dfed7a,0,0,0.0,2.56
279,033f03e4-b7c5-4bbe-80ce-43bfaa9e40aa,0,0,0.0,2.61
280,033f0897-01d9-4bac-a48d-beefb0a33b39,0,0,0.916,0.91
281,033f78a3-b3d6-4924-9205-ab524f062dd6,0,0,0.0,7.91
282,03418ae6-9c6c-4853-ace9-6b29fffc9930,0,1,0.0,2.5
283,0343292a-3214-4da9-b05b-eca3f2336d73,0,0,0.2494,1.17
284,03439826-bc62-468c-b0f3-f70cd248e38e,0,0,0.0,16.22
285,0343f631-e928-4f53-8b7b-d753d8a0f012,0,0,0.0,13.09
286,03467aa3-7094-4b5c-83fc-d7eac8e3bd4f,0,0,0.0,32.87
287,034c467f-edb4-43c6-a41c-5489edf90ace,0,1,0.0,5.62
288,034cbdd6-ed26-448e-867d-6eac40a106e7,0,1,0.0,15.11
289,034dc4cc-785d-4a0a-aba3-db9d2ed6f80d,0,0,0.0111,2.19
290,03504b48-db27-47c2-859e-5ddb67d13e0b,0,0,0.0,32.8
291,0361c9c4-2afe-4440-ad10-a45fe1b89045,0,1,0.0,7.47
292,0362f719-8568-46b3-a855-787a337be0dc,0,0,0.0,3.1
293,0366a64a-cb8f-4a14-8aea-c42974734ba0,0,0,0.0,3.66
294,036db4b2-d27a-40d6-b255-35c166ed2967,0,1,0.0,16.45
295,0373993d-00e7-4113-8657-a8e1b0838ea4,0,0,0.0,11.36
296,037a7f53-8430-447f-8fd7-cb26536c4c78,0,0,0.2807,0.1
297,037ffad2-3957-4598-8041-513514182a5d,0,0,0.0,3.45
298,03860546-32d9-4d54-9eb7-2ccdee3dfbe1,0,1,0.0,5.26
299,0388916e-09e1-4749-b896-0c81cfb8e227,0,1,0.0,3.31
300,0388f280-f4cf-4f22-8b61-3408b9d41816,0,0,0.0,8.24
301,038bb426-003e-456e-8e12-306ae67f649b,0,0,0.0,18.61
302,03959fe1-bb37-4d9a-a610-50a28d3101a6,0,1,0.0,13.2
303,039a20c5-36fd-438e-add8-498f3781a679,0,1,0.0,27.41
304,039b426d-f970-40c0-b316-191fadaa0863,1,1,0.0,3.59
305,039c3bd7-baf7-429e-adcb-3f0124360e9a,0,0,0.0,14.53
306,039c8d26-7741-42b4-a329-8cc63fb7bac7,0,0,0.0,13.19
307,03a27f05-7a66-4544-b9cb-28f7de91d0f7,0,0,0.0,3.74
308,03a32a48-8d16-45fe-9e41-6939b79524ae,0,0,0.0,34.8
309,03a404ef-b5a3-4cac-80b0-1ab50401dc80,0,0,0.0,13.51
310,03a49a6a-6197-4f48-9eae-080bf2752efa,0,1,0.0,16.55
311,03a4e06a-bccc-459f-ac32-076bba9d4e3d,0,1,0.0,31.14
312,03a54244-d4a4-4b8e-8cbc-4f0729fe4cb1,0,0,0.0,37.33
313,03a64339-2304-4ff7-8540-0dae906f7e09,0,0,0.0,1.75
314,03a6c21a-dfbb-4047-b47f-6e8032f09fcd,0,1,0.0,28.85
315,03aa159a-11c8-48a8-b007-c754b7417d64,0,0,0.0,19.54
316,03ab4086-6585-4e07-8494-e61efadbf5e4,0,0,0.0,31.5
317,03ad6094-9b04-4039-8cc1-488bf898e660,0,0,0.0,18.36
318,03afc320-acb1-4717-8240-fca72512106c,0,0,0.0,5.54
319,03b2fd2c-10a5-4e5d-a5a3-d2a941113b7e,1,1,0.0,2.09
320,03b4f03b-b54c-423d-a8ab-96e522a74f41,0,0,0.0,10.02
321,03b53590-22e2-4847-87a6-464bbf0b7465,0,1,0.0,5.67
322,03b843b0-4ff4-4ddd-9b5c-c2190a09a607,1,0,0.9414,0.12
323,03b86142-5dd7-47b5-931b-dc75a4ed88ff,0,1,0.0,7.44
324,03b8e752-e33e-46a0-a2c4-98e2ffe60edd,1,1,0.4545,2.34
325,03bfd760-d8d9-46f3-aa16-885efb85cf16,0,0,0.0,7.79
326,03c378df-404e-4e3f-9206-f41869a7b7a0,0,0,0.0,16.88
327,03c94364-761e-4e62-a05e-0d62d5af9b7a,0,0,0.0,144.98
328,03ccf9b1-d7be-4312-94ee-a8fbb636a916,0,1,0.0,9.55
329,03cf6a50-b668-46ce-ba05-6bd4468b8680,0,0,0.0,14.65
330,03d2245b-361b-4f1b-aeb1-39cc105d9abd,0,0,0.0,23.52
331,03dc1a2f-f3ea-4632-8231-4b69ceffa660,0,1,0.2261,0.02
332,03dd6505-37c2-4032-bf3a-7a5dc95caa36,0,0,0.0,2.56
333,03e1c00b-a7c4-48ba-876b-284f56a0d95f,0,0,0.0,11.25
334,03e52ed8-8f9c-4320-803d-d0f58586fdf9,0,1,0.0,27.29
335,03e59942-053e-41bb-a202-a6c120e05247,0,1,0.0,4.37
336,03ea387c-b884-43e0-a6b4-071120cd08a2,0,1,0.5372,0.58
337,03ef2306-f91d-436e-872d-6aa60d019611,0,1,0.0,12.23
338,03ef2f53-ec8f-41c1-be64-91ab10b0dd1e,0,1,0.0,22.77
339,03ef8a00-676c-456e-bbe9-0fc6fb7b5ad3,0,0,0.0,17.79
340,03f198e9-3ffc-4b04-9863-fb41d2431926,0,0,0.0,18.54
341,03f3d173-aeb9-459d-8844-15573a4f8f77,0,0,0.0,3.69
342,03f3e304-eaf2-497f-a4e5-daa4d9a54c8f,0,0,0.0,9.38
343,03f494d8-9efa-4116-a701-7ee0f4f27206,0,0,0.0,3.75
344,03f4e972-afbe-4d5b-8c74-2472e7f30029,0,0,0.7732,0.09
345,03f6587e-bb2d-46e7-aadf-de76aa41c4a5,0,0,0.0,10.98
346,03f8ebd3-d8bb-4204-951c-5e016e2f4297,0,0,0.0,17.34
347,03fc110f-101f-474b-a399-95d9b4664d7c,0,0,0.0,18.35
348,04005f96-f7e1-4be5-8100-ca5d0c8158cf,0,0,0.0016,1.98
349,04007593-6b60-42ca-8eb2-4de5308f6224,0,0,0.8199,0.29
350,0401cc93-919d-44a5-bd3b-8e92b46b328b,0,1,0.0,8.59
351,0401e4d2-ad48-4b87-bb04-caedbb53986c,1,1,0.0,1.42
352,040320ad-b3cc-4cbf-b9b8-e74267c84ec0,0,0,0.0,3.03
353,04076adc-262b-4f27-ab8f-51ff0ac97a7e,0,0,0.0,3.15
354,0409d524-492d-4e54-81eb-69d1f564fd8c,1,1,0.0,2.94
355,040b4d71-da76-40f6-8c04-69b6de088f5e,0,0,0.0361,0.19
356,040d2c8e-a999-4323-8218-9c27d65ac81d,0,1,0.0,35.2
357,04127f9a-8ef0-425f-9e8f-3d14f014ff29,0,0,0.0006,0.11
358,0417b507-cd8b-4772-9ef4-b81fe8dcade2,0,1,0.0012,1.58
359,0418997d-1747-42f2-afed-66b6904e02e9,0,0,0.0,4.29
360,041986e2-4e45-43d7-b11a-53159057bd1d,0,1,0.4956,0.14
361,04198bb2-6732-4e9e-b69d-14cb29f251c9,0,1,0.0,10.39
362,041b48a8-77a0-4140-a0a4-4a6faafcaa5c,0,0,0.0,28.74
363,041bb0ad-2153-46f2-8c6e-39c6bb5b48b2,0,0,0.7929,0.21
364,041d6736-34a9-4474-a91a-d3ea0f3b9a29,0,0,0.0,15.61
365,041e7d63-ea63-4e00-a5a5-ca80f4590bde,0,0,0.0,3.57
366,04228a63-7b08-470d-b2fb-88ba6cb7d47a,0,1,0.934,1.13
367,0424e1ff-4b0a-45ff-9641-a030a37a40b7,0,0,0.0,4.88
368,0425f9d8-9fbe-4f82-868e-287857dcff4a,0,0,0.0,21.46
369,04293a58-5a12-4454-91d3-cc728d55db85,0,1,0.0,6.48
370,0432f21b-1d05-476e-af14-fe48315d92ed,0,0,0.0,3.11
371,0433b812-37b0-401b-b114-5a2400c977b2,0,0,0.0,95.42
372,043b681e-fcf9-43cc-96c9-77416fe8e948,0,0,0.0,10.25
373,0441f342-b2ce-4ded-9672-a45173f72a0d,0,1,0.0016,0.46
374,044cf9e7-b4a2-4e88-b14c-737685e78120,0,1,0.3586,0.25
375,044e7279-4f38-4b3d-8409-0a7c11a0b88f,0,1,0.0,3.0
376,0453822e-6641-4919-b303-9f023d9ba14f,0,1,0.0,2.57
377,04542005-8f8c-4c29-9bed-a45ccca4dfc9,0,0,0.9662,0.28
378,045719b9-ed2c-4859-8c1c-9873481d4c98,0,0,0.0,2.13
379,045bfbec-6c4c-4e4e-b474-2e0e33f5c907,0,1,0.0,32.36
380,045dc6dc-ca9b-4942-b008-44a90648b84f,0,0,0.0,4.33
381,045f966b-6e83-411e-b7b3-2a8dbdebd427,0,0,0.0,4.17
382,045f9c81-96b1-4477-a134-32baeed93710,0,0,0.0,17.46
383,045fd937-8671-4e40-991c-9b02c19372a2,0,1,0.0,8.49
384,0461d152-44bf-4a3b-8609-bfbe01b9af8e,0,0,0.0034,1.3
385,04657af7-1b29-4831-ad15-4602bf931ca8,0,0,0.0,4.32
386,0467d8fb-9727-4907-bad5-4dedcefb04a7,0,0,0.0,5.62
387,046c3777-ffa1-4e58-a071-d0e45522b44c,0,0,0.0094,0.72
388,046fb843-7436-439b-93e0-0278cfab0eb2,0,0,0.0,4.39
389,046fba69-fc9c-455a-abef-e9068f43909d,1,0,0.3013,0.49
390,047077a9-096f-49c6-a09b-65dd96d1a5c6,0,1,0.0,23.45
391,0470b14d-42cd-4679-98f7-747965af66c0,0,0,0.0,29.1
392,04760083-b2f0-4519-92d4-b07f31e3c512,0,0,0.0,6.38
393,048218e3-41a1-4342-948a-2b4fa4b98bf4,0,1,0.6013,0.56
394,0482b702-6553-43bc-895a-76d78a245e85,0,0,0.0,36.86
395,04832be8-34e4-4c9b-b3de-98fb665a0d0b,0,1,0.0,0.84
396,0484a954-0537-4de1-8243-366914daabfc,0,0,0.0,34.62
397,04863ae1-01ca-47d0-a6b6-980f74147055,0,0,0.0,2.53
398,04892447-9f9c-4d47-9d4f-d4c40c2cfe2f,0,0,0.0,8.0
399,04923054-3816-4fe8-81f0-8f0911c73e27,0,0,0.0028,0.48
400,0493aba2-d61a-440b-b51a-b4236069080f,0,0,0.0,5.92
401,0494d287-7c6a-475c-aea1-594e45e4ac46,0,1,0.0,3.12
402,04952b1e-9c94-47fe-b5f5-6279a62c9a1f,0,0,0.0314,0.77
403,0499c82d-458b-464d-a603-e355e5da4ec7,0,0,0.0,12.89
404,049b91df-a0c0-4ab9-8f6a-a7f7a64dba62,0,0,0.0,7.92
405,049d6799-e01b-40d9-92a5-0d7f3b6c542b,0,1,0.0,8.88
406,049ee267-2c2f-4390-9d32-b653b5cf270f,0,0,0.0,13.14
407,04a49c79-972d-4d77-84ed-dbf71dd8050a,0,0,0.0,44.69
408,04a5afea-8019-4716-b51f-e8a0eec4631f,0,0,0.3353,0.43
409,04ad21d7-32bc-42e2-aec6-2d01edbd4838,0,1,0.0,2.77
410,04adeecb-79e9-4687-a4fa-a2cfa3ba9055,0,1,0.0,2.66
411,04ae045a-1d40-4f8c-93f1-fb3e36d3b7e6,0,0,0.0249,1.85
412,04b093db-80ce-4881-8fce-4895fb65dc49,0,0,0.0027,1.0
413,04b12dab-9486-44b2-8adc-6474b565f42f,0,0,0.0,4.13
414,04b1ce97-eb8a-45ae-a7b0-41f5a7585e23,0,1,0.0,16.81
415,04b233a3-1124-4b3a-a618-b63008872885,0,0,0.0,16.26
416,04b33d11-6991-43f4-ab94-237bc69c84b8,0,0,0.0,14.14
417,04b6c66c-6a10-4895-9973-0b98f9e43290,0,1,0.0,4.01
418,04b8bf6d-7847-4846-a230-a62fd57dc3e7,0,0,0.0,12.59
419,04ba916b-af9a-4a5e-b2a9-2d08377e1ec9,0,0,0.0333,0.58
420,04bd90b0-7719-4c3a-924d-c9f2b15103ff,0,0,0.0,19.92
421,04bfeb19-ffc1-41ce-bc75-1b300264661b,0,1,0.0,10.54
422,04c5c41c-a64c-4a07-a8f3-7139cfcf510c,0,0,0.795,0.07
423,04c97cb8-7e55-4a33-ab3a-b05597d94405,0,0,0.0,6.57
424,04d21248-5ed5-49f3-bec3-fbf1c830e327,0,0,0.9364,1.94
425,04d2f54b-f914-4a55-afb3-6d030c9daffc,0,0,0.0,10.55
426,04de68ee-b28b-4cff-bd79-4809acea144a,0,0,0.0,2.15
427,04e1749e-5d62-4a4d-ba66-f2a77a24c613,0,1,0.0,18.84
428,04e4a6ff-6e53-4f00-aebc-aedb7cf467ac,0,1,0.0,2.88
429,04e4ff3d-71f8-4fbf-b5ac-85520278970a,0,0,0.0,4.19
430,04e7e3ac-16b0-4e27-80ce-0f43dd5cefe2,0,0,0.0,3.01
431,04e8e751-f9c7-4058-80d5-e1f050485b1e,0,0,0.0324,0.18
432,04e9c1ca-7560-476e-9d1c-8f5255a06a8b,0,1,0.0101,0.55
433,04ef09c0-54bc-4d64-aff5-f2ef142b67f1,0,1,0.0,6.92
434,04f0a78b-fe7d-425f-9ccd-a476900d201f,0,1,0.0846,0.22
435,04f37236-9236-4b40-ae3f-79b5ec2ee6a2,0,0,0.0,95.44
436,04f5057b-695b-4c61-a721-b42c7d44d23b,0,1,0.0028,0.27
437,04f5e07c-edfc-4d3f-a4f3-68d7bb571f85,0,1,0.0353,0.82
438,04fabaa0-0235-453e-b8e7-be677cf4997b,0,0,0.0,40.39
439,04fdd3d3-3df9-4c9a-a3d2-7c5008c8430f,0,1,0.1516,1.63
440,050085ee-771c-418c-8530-7dd36704ae1c,0,0,0.0,37.23
441,05013c02-9ed7-4b78-b703-ad56c51de61a,0,0,0.0,6.31
442,050319e5-06a6-486e-8129-dcb9f79859be,0,0,0.0,82.39
443,05033799-7b85-468d-a4a0-24b087648130,0,1,0.0,13.47
444,05038ece-1935-49e5-8a02-0e10dffd4931,0,0,0.0,3.63
445,050647f1-7c6b-4cba-8285-f6d0ba54abc4,0,0,0.7496,0.35
446,050867a9-8342-4833-8c30-a48d833512ba,0,1,0.5543,0.19
447,050c02cf-de95-4075-b14f-ce794a0f2aa2,0,1,0.0,3.34
448,050c5cf4-1ac8-4bcc-b0e4-10f33041a287,0,0,0.0,13.03
449,0517f53f-def0-487e-a8f0-9a35a3bc72b5,0,1,0.0,33.44
450,051ce6d7-91d4-4812-a4c2-7b27a8558df3,0,0,0.0,3.81
451,051d5cad-a738-4656-9b54-8bd87d312a0b,0,0,0.0,4.79
452,05214d2e-78f8-4415-8e1b-12d12aa9cff8,0,0,0.0,14.63
453,05232a32-b689-4d23-b31a-f29e41183cbb,0,0,0.0112,2.3
454,0526691b-3d9e-4a75-a8fc-88fc5acdb794,0,0,0.0,13.08
455,052ceffc-02b5-43a4-a1c0-c0acc9205a7a,0,1,0.0,14.98
456,052d58dc-0e06-4067-a8c4-51591de3c943,0,0,0.0,17.04
457,052f75e7-667f-41e1-8a5a-7bb61e7fda7d,0,1,0.0,2.97
458,0531a0b8-6660-4796-a7df-0faaa45106fa,0,0,0.0,19.36
459,05340841-b54a-4f51-8f5c-cbfe98fca3cb,0,0,0.0,10.46
460,0537fb18-f22f-490c-aa9f-05bd219a7379,0,0,0.0,23.61
461,053b09d0-1322-4d1e-acc2-852f5146bbb3,0,0,0.0,3.75
462,053b1526-516f-401b-b21a-8b25ab8627b3,0,1,0.1695,0.2
463,053c3bcc-4786-4058-b1e3-465be3de0ab7,0,0,0.0,2.98
464,0540abc4-2a79-45e4-ad5a-9c37528bd650,0,0,0.0,5.43
465,0542ac7f-bab1-4627-b488-36ab08fe73c3,0,0,0.0006,0.78
466,0543fa2d-e8d3-408f-898a-98237353ebc5,0,0,0.0,10.12
467,05449af9-36ac-4a8e-9722-80a5b15aa6f7,0,1,0.0497,1.01
468,054a41cd-46ae-48e8-bb3f-3ac2eb951d66,1,0,0.5717,0.81
469,054a75aa-f6cb-4d09-99c0-ee6c350f9a25,0,1,0.3023,0.98
470,054bf510-134b-4640-8a3a-856762ab8eeb,0,0,0.0,6.35
471,054e4640-acdf-4a45-ba3c-16c0d5cbaa1f,0,1,0.0,7.09
472,0553b9d1-e849-40e2-804a-af3dbe5e1d22,0,0,0.0,10.1
473,055502f2-a874-416e-b1f1-a7c2d8cb86a0,0,0,0.0,11.4
474,05569dbf-547c-4d33-bc15-3e3f56dcaf60,0,0,0.0,6.16
475,055711bd-7a01-465b-8a22-1de3687f9f12,0,1,0.0189,0.08
476,055a053f-766f-4c0d-8c0c-d8a781d6cd4b,0,0,0.0,3.98
477,055e1805-296e-40cf-aa1a-87337b119e55,0,1,0.0951,0.51
478,055ec09f-356f-47c9-afe6-295a38a47ff5,0,0,0.0,14.16
479,055ff4aa-1fef-460d-9467-952c8899ab33,0,0,0.0,27.95
480,056327df-9012-4124-87b2-9c3fd36987cc,0,0,0.0021,1.2
481,0563b463-5ecc-448f-968a-c5f4c7be4a4f,0,1,0.0,6.43
482,0563dead-5e96-4d59-852a-4a9efaa76123,0,1,0.0275,0.09
483,05649cd9-316a-4f0c-a7c9-c2bbb0873cc3,0,1,0.0,12.09
484,0564de5b-5103-4ff9-b030-4324ecf3d372,0,1,0.0,9.17
485,056c987c-b3e4-4efb-84cc-12e0fb5c6b8d,0,0,0.0,10.85
486,0572aa8a-b9b4-4e50-b6e8-875a6f7c03d0,0,0,0.0,0.9
487,0574580f-6dbc-48c2-9bd6-a5b5559e70a3,0,0,0.0,7.63
488,05791ba5-0393-483e-a945-150c2e7aa1ed,0,0,0.0202,0.58
489,0579b963-1e7b-42f8-b8bd-e2377ad20028,0,1,0.0,11.85
490,057adf67-91c2-43de-a2fd-6279244018fc,0,0,0.7951,0.58
491,057ef557-55c0-44b0-9897-800e84c4edd6,0,0,0.0,9.78
492,05800648-93a6-406a-b1ca-7581b9b13b34,0,0,0.0,3.93
493,05867415-6588-4a6a-8ed1-4329e8908059,0,0,0.0,4.03
494,0586fc9e-edd4-438d-9695-57fa7807701b,0,0,0.0,32.32
495,0587f00a-570e-4031-92ac-64a8d145212e,0,0,0.0,36.68
496,058ccb3f-762b-48ed-9173-44e1908be94a,0,0,0.0,7.26
497,058e1923-47d3-4ce6-ab81-1fa24912971e,0,0,0.0,3.02
498,058e3179-8177-4393-a652-ca91d3f159f8,0,0,0.0,3.54
499,058ff7f5-7ccb-4ca6-b406-e2e6a3e14ad0,0,1,0.0,10.55
500,05907d43-a3ec-4cf0-955a-0452b24d3745,0,1,0.0,2.89
501,05977ea8-7c69-45e4-8bf3-6354ac148a2d,0,1,0.0,3.72
502,0597c2df-66e5-4298-acfb-1375fe8d8fd8,0,0,0.0,2.89
503,05993d6d-677d-4b49-834e-40eb484c07c3,0,0,0.0,14.02
504,059c6e17-f44a-4f2d-a828-ac54043f9846,1,0,0.0,2.89
505,059f2e75-a317-4d24-96bc-7552e31f6c44,0,0,0.0,18.79
506,05a0577c-8078-48ea-8467-9fbb9133cd17,0,0,0.0,2.33
507,05a210b2-ba61-4ccf-85b0-af508d8e670a,0,0,0.0073,0.36
508,05a2ec36-5651-4948-b3f4-314e866249a1,0,0,0.0,21.52
509,05a40038-04ad-4e19-a368-b632d8a0c1b4,0,0,0.0,3.66
510,05a7edf6-1ee8-452c-ab2a-8cee61c3f249,0,0,0.0,5.37
511,05b1691a-1220-480a-8d57-b1fd87c2b71c,0,0,0.0,3.95
512,05b3a3ff-00d5-4607-a553-3557fe75c415,0,1,0.0,20.25
513,05b49092-4251-49aa-88a3-142942c726fc,0,1,0.1316,0.3
514,05b50819-9766-44fa-8f3a-eede29624068,0,0,0.0,5.98
515,05bbe9ac-0e5c-4820-8c55-12dc13ada80c,0,0,0.0,34.25
516,05c104fb-7bc9-43c6-9a84-d92ccc976933,0,0,0.0,10.43
517,05c3fff9-71c3-4968-919f-924856a34b1a,0,0,0.0,18.25
518,05c40925-412e-4f07-a040-0bcbce8d6636,0,0,0.0,19.61
519,05c5e639-989a-4813-903a-42a172ab7da2,0,0,0.0062,0.5
520,05c73e32-d5a0-4382-89a6-68e907747206,0,0,0.0,5.56
521,05c836e4-4be2-4815-b615-b540e3236aad,0,0,0.4863,0.18
522,05ca6587-2b44-434f-8afc-66cb051e0dac,0,0,0.0,18.07
523,05cafb77-d787-447f-ae22-d23992fda397,1,1,0.0,14.17
524,05cb5c28-e0d9-4b9b-87e7-70eb029aafb2,0,0,0.0,19.58
525,05cf74ca-9a30-4671-90a0-a62f03dc33a4,0,0,0.017,0.81
526,05d18946-03c8-4d51-bea8-5f07b5337f97,0,0,0.0,9.91
527,05d3d922-51b6-4ed3-a66e-aaef80f9645d,0,0,0.0,15.44
528,05d74091-6e10-4c7a-ad7a-37ea19563f62,0,1,0.0598,0.31
529,05dcdf37-a472-432c-b576-3379edaff68b,0,0,0.0,6.08
530,05dd738d-d247-4778-97fa-a9839e79a3a3,0,0,0.0,8.88
531,05df5f85-61ea-4026-863d-3ea011bc60f1,0,1,0.0,2.98
532,05e029de-0889-4c98-ba80-192318b8d3fb,0,1,0.0,4.21
533,05e1f19b-cdf8-4197-aba4-97c0f2423df6,0,0,0.064,1.28
534,05e3dab0-78b4-46f6-9759-59668d5461b7,0,0,0.0245,0.39
535,05eafa65-edc3-403a-8027-f711292ba448,0,0,0.0,2.32
536,05ebaa51-3a29-4ef2-aa16-c96aaac14f26,0,0,0.0,45.16
537,05ee47df-f6f9-44b8-b9f2-8f09252eac5d,0,0,0.0053,0.66
538,05f93295-b111-4078-827c-fd151b69746a,0,0,0.0747,0.57
539,05fd77cd-1075-40bb-ab6e-55478b2fa8d2,0,0,0.0,50.56
540,05fdc8ad-0b01-4b7f-810a-77ca273583b6,0,0,0.0,7.14
541,05fe41c9-12b0-4c09-95e2-4c8f5fc4c100,0,0,0.0,12.92
542,060584c0-30d9-48cc-8ec8-d8eaf7c2e7ab,0,0,0.9465,0.41
543,0607e4f9-14ee-4140-818a-e00d8eb9f0e5,1,1,0.4734,0.85
544,060c7e75-8daf-4401-bd16-3ce1c3b6513f,0,0,0.0,31.64
545,060e41ac-8e87-415f-a26e-931d4b2bb5a6,0,1,0.0,4.56
546,0617e878-c0ab-4d5b-98ff-e81455a4e0b9,0,0,0.0,2.83
547,061ebc35-5e26-4953-8d7b-528d3783c2f2,0,0,0.0,8.35
548,06208f8a-b290-4eed-8184-db0c90cdba8e,0,1,0.0,6.15
549,06239a02-99b9-42bc-9990-8296daf95312,0,0,0.0,0.85
550,0626772a-ae37-46ab-94ce-ba43e9e76442,0,0,0.0,2.03
551,0629a619-9495-40c9-a3ba-a4c56fbc0ffc,0,0,0.0,15.59
552,062b3adc-0dae-4ea2-8e20-c79d55f082e4,0,0,0.0,4.17
553,062f5997-6c1f-4f20-b71d-d324079edd6e,0,0,0.0,14.14
554,0630dbe7-b44d-45ff-95d9-32647c69d657,0,1,0.0,35.44
555,06350990-3558-4112-8422-9ec06cc82384,0,1,0.0,144.12
556,0636a16b-96f7-4d2b-97c8-c5d47a9f3123,0,0,0.0535,0.08
557,06371d88-556c-42aa-982b-710583c48052,0,0,0.0,10.85
558,063afa9a-14e4-43c1-93c4-46334e8a991d,0,0,0.0,18.12
559,063b3f22-347d-4fd8-ac5c-f393bd0ed4de,0,1,0.0,7.07
560,063fac1f-0aa1-4ff1-a1f5-8da222f2425b,0,1,0.0,4.8
561,0640697f-9343-4d6d-8b8b-2e392049edcd,0,0,0.0,64.22
562,0649f56b-9485-4af2-8144-6c033c58bfee,0,1,0.0,93.8
563,064c1a4a-bc2b-4ce8-bc24-5fbe61bfd2e6,0,1,0.1026,0.28
564,064d726b-d1a1-4fcb-9718-0b3b08024b43,0,1,0.0,3.09
565,064ed6a8-cf86-4e51-b90c-181962282353,0,0,0.0,13.4
566,0650f504-c53a-455a-87f7-af13726a32d1,0,0,0.0,60.75
567,06519206-50d3-41d9-a355-5b6e7b16564f,0,1,0.3628,0.98
568,0651d282-7399-4c3a-aaea-630d70ca94cf,0,0,0.0,2.79
569,065a5ef5-9c9f-42b3-888e-c23bead2b632,0,0,0.0083,1.07
570,065ac7fa-6164-4ddd-b95b-5a07d1235210,0,0,0.0,7.44
571,065b0f89-5bdd-4be5-a2c0-e29cc3fcfbfd,0,0,0.3715,0.21
572,065b18ed-4eca-4272-8fc8-fe58e6cd4c3b,0,0,0.0,15.57
573,065bc8f4-ede8-4b8b-b8d1-39a6781c65ec,0,0,0.0,4.76
574,065c3385-8f38-448b-9caa-3f7b07a0d30f,0,0,0.0,43.81
575,065d9248-f4ad-4929-8356-de39a82d4071,1,1,0.0,6.17
576,065e1945-5028-49af-9c97-1671264dc9be,0,0,0.8255,0.44
577,065e704a-72bd-4b6a-8b86-583298ef08a0,0,1,0.0,3.07
578,06619153-8130-4524-8185-2a6be981d9dc,0,0,0.0,5.51
579,0666634f-f69c-457b-85d2-035b46c5ab0c,0,0,0.0,28.22
580,06692435-c709-4077-ad94-b6b5694026e7,0,1,0.0,21.69
581,06693ec1-4922-482e-9d94-a6429d93d78d,0,0,0.0029,1.03
582,0669d879-c7b8-4b92-a2a9-acc4e97b36ef,0,0,0.03,1.93
583,066cc19b-86fc-4c57-afdb-6d6ed3d4ee4d,0,1,0.0,3.01
584,066f14e3-da5e-4ca1-a29c-bc89b567b7ce,0,0,0.0,26.36
585,066f9ddb-657c-4acf-81f8-b3e9239e73b5,0,0,0.0,15.63
586,0670514c-3e63-44e2-91c0-2ec2bf9f02d8,0,0,0.0,6.07
587,0671cb81-38e2-4edc-9d00-8b77ebfdf4bc,0,1,0.3626,0.29
588,06721e94-d280-4059-af2b-5acfee25c963,0,1,0.0,2.62
589,06731c60-8951-4075-8ec8-64cbe8c92e9e,0,0,0.0,26.09
590,06764581-9339-4247-8b85-6c10612bba6c,0,0,0.0,15.55
591,06771e1d-e43f-442c-811a-a6f121bc9a81,1,1,0.0015,1.16
592,0679bb28-ec08-4f39-ab8f-fd6b64695e6a,0,0,0.0,6.32
593,067b966a-2e67-4b07-9a85-7a23b6811825,0,0,0.9646,0.13
594,067ba044-d09c-4a29-a48c-79320a7baac9,0,0,0.0,24.6
595,067dad19-6c3e-421c-9288-7c6fc36eea48,0,1,0.0,6.31
596,068395e5-872c-4619-948a-447674df5e3f,0,0,0.0,11.19
597,0685eaec-4b79-40f7-895f-52580337a8ba,0,0,0.0,11.98
598,068c1198-0a52-4616-8505-70e066fa4f4b,0,1,0.0046,0.74
599,06936e0d-d0d9-4646-b8df-1c47ac57cf7f,0,0,0.0072,0.63
600,06938a52-155f-48eb-ac49-b89a16fe38f0,0,0,0.0,8.0
601,069a535b-bedd-4692-87f6-472b26395f1a,0,0,0.0,2.26
602,069c1af0-7bae-4797-bb8b-012728434022,1,1,0.0,2.95
603,069f997e-c995-4e89-984e-dce9714eacdb,0,0,0.0,4.06
604,06a08063-fcb1-4b49-bf14-453a47e511c0,0,0,0.0,5.05
605,06a577da-b8eb-4062-896b-e138cf012b31,0,0,0.0,47.66
606,06a5eed4-52cc-45a3-ad5e-a848610dbb42,0,1,0.0,31.04
607,06a64536-143f-401b-bb65-f719f37f9794,0,0,0.0,61.0
608,06a99c79-84eb-48ac-9728-f122d21d1b95,0,0,0.9834,0.32
609,06aa7be7-c2a1-47a4-b347-b37edbbd9e9c,0,0,0.1978,0.56
610,06ac53e3-edc2-4e85-960c-de7570fb853f,0,0,0.0,2.47
611,06b37796-805b-426d-bc8a-929b8f021431,0,0,0.0,34.19
612,06b4d8fb-6aa0-45ee-b388-cd7e12f54964,0,1,0.0,17.46
613,06bbd6f6-c860-40a5-b4e3-0bed4a4a9263,0,0,0.3613,0.42
614,06c020cd-9b25-4108-820a-6fa0b01a7b92,0,0,0.0,2.6
615,06c3f78f-728e-4d8d-b66b-0c6f569e91ff,0,1,0.0,0.36
616,06c7bd66-9ab6-457c-b52a-4ca1f9b320cd,0,1,0.4423,1.7
617,06d21a0d-0d91-4e0c-9c5a-37b60fc53579,0,0,0.0,9.03
618,06d7a613-d016-4a1b-b17d-a3e4ff20975f,0,1,0.0,74.77
619,06d8f31c-9eef-4e0b-ab0e-46bb88cca402,0,1,0.0,17.81
620,06d9ad8e-711f-4dea-920c-b1c223a61eea,0,0,0.0,5.38
621,06dc40f6-7ded-49e4-9970-2e5b65d33526,0,0,0.0,8.35
622,06dd6a02-555f-4f24-87de-af0e692e8788,1,0,0.0181,1.74
623,06ddf6ec-0578-4c2c-b05c-92507b8483eb,0,0,0.0,9.2
624,06de4f87-863b-48d1-97fb-1026ee18f05b,0,0,0.0,4.43
625,06df5022-41b1-47cf-aa7d-cff3f741a01d,0,1,0.0,1.32
626,06e148ff-932b-4a47-89a9-6d6330deef44,0,0,0.0,6.2
627,06e329c4-7fa8-4140-b36c-aad782331dfe,0,0,0.0,5.33
628,06e42b12-c442-483b-a5e4-9f9579c637d5,0,1,0.0,2.48
629,06e568ca-454b-4cd2-819e-77c54f024288,1,1,0.0,4.67
630,06ebb67c-6af9-4354-a62c-1e8a4925e25a,0,1,0.0,22.03
631,06ebe0e3-e139-46eb-8732-c2ea668f0fa7,0,0,0.0163,0.09
632,06ecda93-ff7c-4fbf-a048-ab19d8caf89a,1,1,0.0,3.01
633,06f1ac5c-712f-4b37-ad17-6afaae41b753,0,0,0.0,3.34
634,06f1dbf4-0f95-4b44-9a2a-ac0727be5f21,0,0,0.0,4.88
635,06f42696-d3bd-409d-a004-c34165546a78,0,0,0.0,2.72
636,06f56126-51fe-4fbd-bc4e-e2b8e7c223a4,0,0,0.0,8.29
637,06f616af-3a2e-4607-8890-20b3cc976e6f,0,1,0.972,0.16
638,06fa0bf1-89db-49a2-ac6f-f8af1d3113fd,0,0,0.0,8.27
639,06feadca-bef7-40df-bf59-80dfcb3c382e,0,1,0.9042,0.2
640,0709ef33-3222-45f8-ba08-833d38627f2f,0,0,0.0963,0.74
641,070f53a2-67e5-44f2-860b-cb77e3b9f042,0,0,0.9447,0.2
642,07107f8f-7128-42a9-b10a-e4721aa0d196,0,1,0.0,3.3
643,071232cd-2b4c-4c20-9e0b-171910565846,0,1,0.0,6.46
644,07134f7f-dd86-403c-b546-9e058ec52a01,0,1,0.0,7.74
645,0715400c-6ab6-4eba-83ee-0334dc2b4036,0,0,0.5739,0.42
646,071a0a21-7621-4fae-9a45-a9603e25bcb7,0,0,0.0,34.2
647,071b6a37-741d-4404-b47c-30d706bfc926,0,1,0.2018,0.3
648,071c1803-0af9-440f-b634-4e907a162298,0,0,0.0,3.33
649,071df018-2373-4e69-8937-625300b090a3,0,0,0.0,24.55
650,071f8eb8-0067-4fb1-9841-0ef70f7f8286,0,0,0.0239,1.5
651,0723d512-41f6-4552-90fd-9f0457d1a38a,0,0,0.0,1.96
652,07260488-77e6-421a-a84c-92ad11d8830e,0,0,0.4355,0.19
653,072617d6-0d73-41f5-96b8-1d348e962ebe,0,0,0.1744,2.01
654,0726c9f9-27e6-4118-9de4-316162f7a847,0,1,0.0344,0.25
655,072701a5-4c7a-4d31-8250-3a72769071e7,0,0,0.0,6.21
656,07293d28-b369-473b-82b9-1f1c607ed738,0,0,0.0,3.21
657,072a2ea5-e3f0-4ee4-8817-a8185c5a76b8,0,0,0.0,4.8
658,072a9212-f62a-4440-baed-39d56ebd30af,0,1,0.4829,1.43
659,072b9261-caf1-4c47-a377-b5a55dd6fb92,0,1,0.0,7.3
660,072c33f0-f689-449f-b4ef-f33707e48286,0,0,0.0,16.13
661,072cdc13-ddf1-45bd-8e11-d36c4943fd1a,0,0,0.0,12.14
662,072eb06b-7f4e-4da6-9e29-6127d5f31fd0,0,1,0.0,10.36
663,072f61ae-2104-46c7-b79a-4859821e9766,0,0,0.0,7.4
664,0736995d-fef6-48fc-a0a6-aa7bf646be33,0,1,0.1374,0.55
665,07393622-6f74-4d88-9a08-f550b702f5cc,0,1,0.0221,1.16
666,0739e582-0f8b-41b9-9117-69c74e2a1321,0,0,0.0,5.54
667,073ebeab-ecf2-487e-b562-15a61bf3d584,0,1,0.0288,0.48
668,07424418-3f43-43cf-bc40-9e29ffbfecfc,0,0,0.0024,0.27
669,07462067-29e6-476f-a505-c631d1c3ee7c,0,1,0.0401,0.88
670,0747a5c6-5a36-41c1-89b8-b43db3ab2b2e,0,0,0.0,12.37
671,0748b3db-18e8-417f-8f0a-6650eda9bacc,0,0,0.0,2.81
672,074902cf-5016-408c-93eb-cc25a21a3333,0,0,0.0,6.28
673,07496816-577a-40d3-b8f5-9c0555aef9b4,0,1,0.0,12.02
674,074d4f6b-e6c5-4730-a01f-000b363495d3,0,1,0.045,0.11
675,07518c58-f0bd-4038-b890-71d8ce4cae45,0,0,0.0,19.92
676,07554d35-f069-4853-99e3-8a91c6fe916b,0,0,0.0,30.95
677,07588a16-e9e8-4a42-a603-8320e9cccf0d,0,1,0.0,29.02
678,075bc689-79c8-4d5c-bfb7-64bfd8bbedbc,0,1,0.0,5.91
679,075d881a-3add-4ab1-8765-914cd33e5e73,0,1,0.0,4.7
680,075fc069-6f14-434d-a218-6c033f0b8855,0,0,0.0,16.55
681,0760fac1-97e5-4754-ad8e-05bad208025b,0,1,0.0148,0.45
682,0764a2da-7d7a-47a8-a5ae-00fe9a3c4658,0,0,0.054,0.28
683,07671046-47b1-4ec2-b365-b36982e879a4,0,0,0.0,6.42
684,0767fdf0-2796-4357-be69-d45153556ec7,0,1,0.0022,0.32
685,076a60ab-7b0b-468a-8960-ad64e9d81c53,0,0,0.0,15.83
686,076cdd73-0b66-491b-aadb-24742d48cb07,0,1,0.0,5.34
687,077e5021-2615-4bb3-96d0-f8424837f8de,0,0,0.0,45.31
688,077f4c29-06cb-47fb-a710-11cfd0e4006d,0,1,0.0063,0.31
689,078313c5-b176-4f39-a595-56da98a42a75,0,1,0.0177,1.19
690,0786668c-25c1-4428-8400-c19d62fe6a67,0,0,0.0,33.69
691,0786a864-f235-4e94-8f8a-477d590a43f7,0,0,0.0,11.63
692,0788637d-a6d7-4779-881a-a749a03f1324,0,0,0.0,42.04
693,07890cbf-6dd9-43a1-adbc-3932d0aa4889,0,0,0.0,14.1
694,078e6a5c-1b04-4076-922c-0c368ee70124,0,1,0.0,11.42
695,078e9526-eb23-48fe-884e-d823aae624d9,0,0,0.0,3.43
696,078ed476-db1d-463f-8d47-4464c3bac17b,0,0,0.863,0.42
697,07907380-752b-4e49-9aad-2e389deb75ab,0,0,0.0,6.41
698,0790c758-07e3-471e-b288-2090420f6c42,0,0,0.0,27.07
699,0794ab3f-d4ce-4f00-aa28-78a9836d74d0,0,1,0.0,5.69
700,07979c36-ed58-4b6a-b777-e53ea599e113,0,1,0.0,2.74
701,079d8fce-87a3-4271-8cfe-62f18570bae6,0,1,0.0017,0.57
702,079e7a45-177a-4fe4-bfe9-afe3adbd50d0,0,0,0.0,0.51
703,079f76b2-33b8-4039-8283-a3c1c57fd6e8,0,0,0.0,3.87
704,07a38fc8-1656-4538-982b-84e4a0bcc58e,0,1,0.051,0.14
705,07a48dd0-368b-4268-b267-ba799ab3037c,0,0,0.0,2.75
706,07a9af47-5342-4cb2-86eb-bb81fac34141,0,1,0.0,15.76
707,07aac9c3-2cf3-4a57-97a6-75f782e37c9e,0,0,0.0,15.48
708,07ac79de-d754-49f5-91dc-1044577c8ada,1,0,0.0,3.34
709,07afcf91-3f38-4474-8222-f6c429bb58ce,0,1,0.0,25.69
710,07b23e81-49c9-4fe2-b04e-d355706e6b0d,0,0,0.0,53.35
711,07b35049-2ab2-4d9e-b176-6b0308cc5d7a,0,0,0.0,15.11
712,07b66900-91bc-4344-b015-ea2129652945,0,0,0.0,8.83
713,07b7e8ae-8e9f-42b2-a426-4c462d6634c9,0,0,0.0,77.25
714,07ba949f-bf74-48d2-a1f1-5157e6f6da73,0,1,0.0,6.66
715,07bacd72-5599-4c36-915c-8e4f2dd04c88,0,0,0.0,3.63
716,07bd31be-3a7a-45c8-81a2-2c28296f52a7,0,0,0.9619,0.21
717,07bd4896-8921-44eb-82d4-423056ab6446,0,1,0.0,20.66
718,07be82be-0fa0-40d0-80db-bd48d5d27083,0,0,0.0,2.07
719,07c1c3af-7454-4dce-8294-191dab3985e7,0,0,0.0,4.18
720,07c418db-bb1e-49cd-81c1-9593f160561a,0,1,0.0,9.42
721,07c478d7-e458-4693-85f2-5cca1e3c64af,0,0,0.0,5.76
722,07c7b995-82d8-4f6d-b663-92083c323529,0,0,0.0,2.37
723,07c8d65e-b877-4b9a-a8b8-fb85a584563e,0,0,0.0,66.33
724,07c98dc3-14cc-43ba-9245-bf8915191f04,0,0,0.0267,0.23
725,07cc3700-209a-4912-9e61-09a56c7208d7,0,0,0.0,9.28
726,07cdf304-d4f1-4092-a499-d50885298220,0,0,0.0,13.1
727,07ce588e-e151-4af6-aead-d7da724ee1ab,0,0,0.0,3.39
728,07cf3d5c-54a9-457b-9b82-2f48294243e1,0,0,0.0,3.79
729,07d0086d-607c-4e7d-a0f0-99d592e7b05a,0,0,0.0,8.05
730,07d1c3ce-088b-497a-83ce-90dde980adf1,0,0,0.0981,2.11
731,07d43769-11d7-40ba-bcad-867be57f4256,0,0,0.0303,1.0
732,07d7f576-8f60-429a-8c8e-63ffa067bea6,0,0,0.0663,1.55
733,07dfee6d-12e1-4f8c-a18c-5d530c2c683b,0,0,0.0,14.96
734,07e09ce7-cbc3-43e1-928c-87cd4ac9b0ea,0,0,0.0,10.96
735,07e3c7be-53af-431d-85d1-59ab4199862c,0,0,0.0,18.18
736,07e527da-0ecf-425b-bef2-0537bcc2b37e,0,1,0.6365,0.42
737,07e8c100-0ed1-4307-8691-3e0b32b649d5,0,0,0.0,28.2
738,07ea3953-d689-4bf0-9a33-50c0542a787d,1,1,0.0,3.08
739,07ebec43-009f-4442-8f47-1ed1563a9a4b,0,0,0.0,84.5
740,07ef2fce-4c71-42b3-bf3c-d7cded7825ed,0,1,0.0,4.08
741,07f32ef1-2a19-4695-b0ea-59fd890ca813,1,0,0.0,2.6
742,07f4144b-7506-4811-b98d-8b0820974578,0,0,0.0,7.34
743,07f4191b-68cd-458c-bfdd-74d8e2bdcfba,0,0,0.0,18.0
744,07f4d4f7-c92f-424d-b47b-5421053e6269,0,0,0.0,2.92
745,07f76766-cfd3-41bf-bb9f-f3bc6e1658cc,0,1,0.0,9.77
746,07f859ae-ffb9-404e-ac54-76e3d9a6ab18,1,1,0.0,3.13
747,07fad2df-e0cc-4528-8ddb-5fcc15312e3c,0,1,0.0285,1.36
748,0804fdbf-dea9-4db5-bcad-d8e05bc7d458,0,1,0.067,2.24
749,080577d2-6574-41f7-85a6-78a5f8271558,0,1,0.0,24.07
750,080899b2-4a68-44c5-b00f-d5d8e2d50550,0,0,0.0,22.61
751,080c0deb-2e04-4eec-90a4-d3ebc240ffff,0,0,0.0,7.96
752,080c5de9-1d84-41c6-9227-e5b2f57c4eee,1,0,0.0,2.85
753,080e3079-b902-4d85-915d-bcf5d07e15a4,0,0,0.0,37.68
754,0810ebe1-3053-4106-9086-72e3704d82cc,1,0,0.0,3.61
755,0810feff-6080-4b9e-8223-175e3c17e7ad,1,0,0.0,3.44
756,08113bea-04ee-4c04-aa8d-cf4ca180e34f,0,1,0.0,23.84
757,08129731-ca5f-4115-98f7-6ffd02da9bbf,0,0,0.4444,0.1
758,08132e95-ae91-4e2f-93a6-9affdb8505ed,0,0,0.0,17.36
759,0814582a-17d9-4106-8ffb-c03843d0b3f1,0,0,0.0,3.58
760,08156310-59aa-4d87-a8bb-b04563d3e886,0,1,0.9676,0.61
761,081870b8-2e1e-4cdd-a188-f5354113de80,0,0,0.0,10.78
762,08192104-66e3-4e4f-ac91-bf2c5e2fbacd,0,0,0.0,16.63
763,081a5187-2119-494b-9f6f-dcaaa9c37fff,0,0,0.0,49.66
764,0821943a-d587-42e9-9765-01c3c6a8b541,0,0,0.0,3.56
765,0821ce94-d0da-4e81-967c-4fa60e2baa67,0,0,0.0,16.38
766,082524cc-4abb-4e62-ac76-0a5a7cb3e75f,0,0,0.0,2.55
767,0827a27c-74a7-481f-b7c7-c7609ebccd24,0,1,0.0,3.35
768,082913c6-2f3f-4f72-8986-5f2504fd3fb6,0,1,0.0,12.5
769,08297fa1-f5e9-41a8-aee0-040eee295479,0,1,0.0,3.23
770,082e2848-7327-4d79-acf9-3ab504cc4954,0,0,0.8282,0.54
771,082fb639-d0d8-41cd-bd7a-7cf551d6c287,0,0,0.2168,1.51
772,083484b9-40ed-44e3-9353-f5b1cb2cf186,0,0,0.0,4.87
773,083727c3-4d69-47d0-a6bd-63ee4dcdc9b6,0,1,0.0066,0.58
774,0838cdd6-eb3d-4367-a8ca-55802e08b17d,0,1,0.0,10.46
775,0839168c-5757-4c8d-b35a-e76a0d6e5e22,0,0,0.0622,0.38
776,083cd176-ae6f-42a5-b012-17fc390472d3,1,1,0.0,2.76
777,083d707c-8af0-4df5-ac57-2cd5051bfdd7,0,0,0.0,4.19
778,08423aa7-2f14-42b0-b46e-77ed6af18fe9,0,0,0.0,3.79
779,0843719e-fc7e-4402-bcc0-dfe1b5568d38,0,0,0.0,13.76
780,0845f7cc-bb2c-43dc-902b-367a7f14c90a,0,0,0.0,6.69
781,084821a4-ed8e-400f-b25e-18a3d96fd4c9,0,1,0.0,7.32
782,08494ea7-00df-48bb-be1d-7a19518b76df,1,0,0.0057,0.92
783,0852fb9a-e3bd-432c-980f-979aed0fb7a9,0,1,0.0,1.83
784,085d3531-97d6-4220-8ea6-d3fdc7e1e4f1,0,0,0.0257,0.39
785,085f17e9-ea0a-4edb-877b-ee837f3131a2,0,0,0.4987,1.17
786,085f9968-a85e-47a6-9291-ad5512568876,0,1,0.0511,0.44
787,08603bd2-fb52-4658-947c-aced9642f27e,0,0,0.0189,1.11
788,08619227-277f-44e6-8892-d3f1e2bd4dc8,0,0,0.0,1.58
789,08619496-5572-489c-ac52-c813060633fb,0,0,0.0055,0.87
790,0861e415-b5e7-4ac6-a412-d6fd679bec8d,0,0,0.0,28.49
791,086816c5-e9da-4d96-8687-154246e4b3f6,0,0,0.0,68.82
792,0868948f-bc28-4291-b893-1496db1e4310,0,0,0.0,16.23
793,086a00ce-cd8c-4f45-bcd7-c92b5b0cfcc2,0,0,0.7162,0.4
794,086cb5c4-fdc1-4f9a-92cd-fc31142b688f,0,0,0.9477,0.19
795,086e16fc-5e2e-46e8-baaf-e0a38217bb4d,0,0,0.0343,1.34
796,086e8ceb-b300-4564-a198-a8358d4c1bda,0,1,0.0,16.8
797,08778950-07c4-4292-915e-363c68311c74,0,0,0.0,2.65
798,087c0ccb-093c-44a9-90f7-76a1f67d841e,0,0,0.0,21.0
799,08834540-b606-43f9-ab11-330717efbc52,1,1,0.0029,1.76
800,0884b90e-46b2-4752-b2f6-c83df91dbb55,0,0,0.9805,0.28
801,0886c8c9-297c-4172-b83a-e122567c019f,0,0,0.1439,0.44
802,088b9f38-b799-4095-b7d4-8a7c0eab25a0,0,0,0.1596,2.57
803,088efe09-2b8d-41d4-b6e6-fde9dd345bc5,0,1,0.2512,0.14
804,088f8390-67f0-4614-9b2f-720b4159ebf6,0,0,0.0,3.77
805,08903b30-d4ff-4173-bf5f-9ad22eac521d,0,1,0.0031,0.53
806,08915f36-c691-4217-b990-57cdcb0b0bc2,0,1,0.0,34.45
807,08947a48-68d4-41d3-afcd-81c207f99958,0,0,0.0,72.14
808,08954779-e32f-4c35-9bc2-60fbddead8ac,0,1,0.0742,0.86
809,08978d58-edee-45c1-b221-a98fb56587be,0,0,0.0,17.52
810,089a9b8d-b77e-4af4-ae7f-2b3e534614ca,0,0,0.0,10.3
811,089d62fb-30e3-45af-9fff-ebc2693c3e8d,0,1,0.0,23.61
812,08a14066-6427-4cda-b5da-893bf1ce305b,0,0,0.0,9.61
813,08a174ba-09bd-4773-b284-0fb05c7d6b40,0,0,0.0,16.54
814,08a6caba-1d9d-450a-8c21-36556fb93ae8,0,0,0.0,2.26
815,08a8b0c9-f93f-4ade-bcaa-e5348aeca381,0,1,0.0,8.83
816,08af3356-3c43-49e8-b2b0-45a28a665499,0,0,0.0,4.38
817,08b03139-bd9f-49c5-af6e-8be24be3d435,0,0,0.0,4.82
818,08b078c9-5ea3-4d30-acb9-ae9bfe362f95,0,0,0.0,9.25
819,08b1904d-b315-4730-bfdd-dcb44327b4cb,0,0,0.0,4.86
820,08b4be68-e01b-4be0-85d3-8aa4d88cc44f,0,0,0.0,13.41
821,08b528e4-fa2a-4864-b249-46079094838d,0,1,0.0,43.02
822,08b5cded-68b0-4aea-a380-b73360190646,0,1,0.0,18.49
823,08b6f41d-3410-4379-bc1f-95c086b7719f,1,0,0.0,3.41
824,08b86267-e51c-4b94-943c-74e2d2f5c888,0,1,0.0,3.3
825,08bba3cb-b0dc-436c-9803-792d2e40e888,0,0,0.0697,0.27
826,08bda29e-da1c-41f3-b5e0-cdac4298efd1,1,1,0.0,3.68
827,08be46f1-dbb7-4846-8817-cc5b3e2f6f98,0,0,1.0,0.34
828,08c2b621-c444-4b6c-b32f-1ec1eeefe57f,0,0,0.0,14.78
829,08c44f07-736a-4f11-8225-10d48cde3918,0,1,0.3872,0.63
830,08ca6d32-d3d1-4476-bf41-2678a5416206,0,0,0.0009,0.42
831,08cd9d26-17df-4bc1-a6f5-0129a8775194,0,0,0.3466,0.29
832,08ceee9e-e457-40dd-b7c8-243ef07ad38d,0,0,0.0,4.13
833,08d266a3-20d8-42a7-abb9-e458b3375419,0,0,0.0,4.91
834,08d2f925-0521-4a51-9203-46da8d85adef,0,1,0.0,11.59
835,08d3c795-f5ee-4855-8571-b4daf1a741e6,0,0,0.0,8.55
836,08ddc1e4-f76f-46ed-85df-0f753456aa86,0,0,0.0,20.11
837,08e29835-eac7-4cfc-be80-c61176adbd5a,0,0,0.0,1.1
838,08e2e23b-00bc-4e78-befa-a67d86d4e0b0,0,0,0.0,6.3
839,08e40625-88f2-4724-855b-f136d73571be,0,0,0.0,6.53
840,08e64e49-f35e-4727-bfb7-a77e36374e71,1,0,0.0035,1.59
841,08e7d970-4519-4f60-8bc2-7ba3a342f863,0,0,0.0,6.82
842,08e96058-e4e6-4a1e-9286-52b30d9ba9e2,0,0,0.0,8.85
843,08ea28e2-cb18-4099-9061-c75233eb3a73,0,1,0.0,3.27
844,08f33a7c-4680-4b5d-8aea-b5ec8c379582,0,0,0.0,2.38
845,08f6a6b5-8b32-45a6-ac3b-841e4b5e7922,0,0,0.0,12.35
846,08f8f499-8f53-42e3-96a7-bc45ba6a1ffc,0,0,0.9448,0.12
847,0902700b-491f-4a8d-b9cf-71e6f673f344,0,0,0.0013,0.95
848,090424b5-77f3-413a-ad94-7ef33a7e590e,0,0,0.0,10.77
849,0906caf7-0ef8-41ea-9e34-6608776e6fa3,0,0,0.0026,1.0
850,09076225-ca14-4d51-95c3-7d4641a708ba,0,0,0.0,5.54
851,090ab2cb-7d05-4781-857b-1af8cf94ef91,0,0,0.0025,1.81
852,090b4d1d-bc7f-46e6-aa6b-93e80f148d99,0,1,0.3202,0.34
853,090cfad2-d131-4892-8968-732511acdc26,0,0,0.0,43.0
854,09115321-4796-4e26-b53a-ab1929ed1679,0,0,0.0,15.37
855,0912bad0-3686-48d2-bfa6-ae78dc14ebbe,0,0,0.0,6.14
856,0915e886-14ef-48e6-a930-334d06cf3434,0,0,0.0,13.59
857,0916b221-d0be-4a49-9e55-0f8871942a90,0,0,0.0,7.86
858,09183427-1158-4412-9123-69abf152f6a7,0,0,0.0,2.28
859,091c3e45-66d9-48de-a66a-baf0a464158d,0,0,0.6362,0.35
860,091df51f-05d9-4bcd-aa78-8cf37f5d2d88,0,1,0.0,21.95
861,092502e3-e7c6-41b6-b088-37e274007c93,0,0,0.0,19.82
862,09297ed8-4c0c-4ef3-a064-adffd940794f,0,0,0.0013,2.12
863,092b6ebd-d093-4d8c-b135-e03b6bf268b3,0,1,0.0,32.2
864,092dea89-d002-4e8d-bd91-44025d021e9e,1,1,0.0,3.07
865,092f2cf0-3e98-42f9-bb46-202eae90a1ce,0,0,0.0007,0.4
866,093145a6-af70-4e41-a98c-092456c88a88,0,0,0.0,3.36
867,0934a1d1-1f5f-41e8-8a70-a9155a83653a,1,0,0.0,3.42
868,093509e0-b3f4-4eb5-b5ec-3465a6bc9600,0,0,0.2387,0.19
869,093af176-0153-4a46-b41a-808da3340e5e,0,0,0.9073,0.22
870,093cb621-9b6a-42ac-91d4-3dec40ca877e,0,1,0.0,15.96
871,093dc53a-1acd-4ba9-b205-2cea013311e0,0,1,0.0,5.45
872,09402d2b-8078-48f3-8261-cd28d09a1502,0,1,0.0029,1.84
873,094262ca-fdcc-4063-8619-a7a326cb012c,0,0,0.0026,0.34
874,0945dab7-f9a4-49aa-ba8b-356ce3a17a65,0,1,0.0,27.39
875,0946468d-c3f8-4a0d-8a87-3743b2a85181,0,0,0.0,3.61
876,0946e7d0-357c-4bab-91fc-6b01703fdab1,1,0,0.9569,0.17
877,094c3821-0f8d-44d2-b6bd-6e00deb0bd9c,0,1,0.0181,0.3
878,0952dda5-f712-4797-8d34-ba748912ca69,0,1,0.0,1.57
879,09559830-1810-4b63-897e-4766bc8a20bf,0,1,0.0,8.97
880,0957efa7-1e37-46ab-9292-107b9b2ca0d5,0,1,0.0,42.43
881,095e3f62-bb14-4a61-be96-bab4e273ad0f,0,1,0.0117,0.2
882,0962f855-5d5f-4eb6-8ec1-39926a6d00d0,1,1,0.0,3.17
883,096585da-cdc0-475f-9ecc-db873973cfaa,1,1,0.0,0.81
884,09669770-0323-4478-834b-cbd42fd2d928,0,0,0.0,49.29
885,09674236-30ae-4c43-ada9-50626ae95b4d,0,1,0.0,54.47
886,09685c87-2cbf-41c9-87cc-55e8b3cd49c1,0,0,0.0,4.11
887,0968aa0d-1df5-4ddb-80f4-bad01f97a347,1,1,0.0053,0.99
888,096a0077-e9a5-49f1-b024-6bf80bffcc9e,0,0,0.0,12.74
889,096b0afc-973d-4c03-a9b9-5cf52239035d,0,0,0.0,9.53
890,096b6d82-3e28-45b0-9082-9e142183be00,0,0,0.0,13.82
891,0971c3f3-d98a-4877-b8b8-40f00f60e5c3,0,0,0.0,68.72
892,09754503-275e-47d4-a94e-dcfd917ebcda,0,0,0.7371,0.09
893,097617fa-c20a-433b-8586-168d9d9b24e3,0,0,0.0,3.04
894,0977d5bf-f63f-4e9c-8529-682876b87d65,0,0,0.0,20.54
895,097b0a6a-9b3a-417a-a831-c79ebd14e6ff,0,0,0.0,3.81
896,097e0a9c-7bc1-4c60-bab0-0894d61b68b7,0,1,0.1948,1.88
897,0980e2ad-534c-4e3d-b237-7879c619b4ff,0,0,0.0,59.91
898,09833393-08ad-45c0-9285-6b7e2c1462fc,0,1,0.0,10.46
899,09869147-c746-4178-9664-76db7bf1834e,0,0,0.0,42.55
900,09871b72-c560-4b0a-9bcc-091f1aecf448,0,1,0.1081,0.34
901,0989685d-669c-4370-91d6-9254a3c8bb5f,1,1,0.0,1.96
902,098bb1d0-97a9-4ecd-9c38-9fa7f176e01b,0,1,0.6346,0.35
903,098f09ad-c14e-4071-a048-e6078b813afd,0,0,0.0,13.9
904,0993fce9-430b-4c68-9dc9-fd52aa93a025,0,1,0.0,18.01
905,09947bf6-12d5-4eda-9e83-55edf3acbf51,0,0,0.0,86.15
906,09965dc8-799e-4531-bd03-c774a8ff1e5a,0,0,0.0,3.61
907,099ddf26-603e-4ff0-ad1f-32c52472720e,0,0,0.0,5.02
908,099e8839-2911-43ae-93f0-0b442abd8d5f,0,0,0.004,0.78
909,099ea647-706d-4b54-9a24-4f73bfcc54e0,0,0,0.0,7.36
910,099f4ee9-bd0d-420c-ba1e-a426677f2fd9,0,1,0.0,29.82
911,099f6792-90c7-454f-a983-9d5ad6ce2f4f,0,0,0.0729,0.36
912,099f727a-17a6-4e5f-8e06-9ff4a73716f2,0,0,0.0,5.54
913,09a2a998-886e-4313-beb1-6c4f223397e2,0,0,0.0,18.86
914,09a5a505-19f3-41ef-a3c7-f388bba37e6d,0,0,0.0,6.07
915,09a64320-7e16-4956-ba69-870feffe5c38,0,0,0.0,2.48
916,09a73a3d-e3a0-49b2-a577-3e5f95e75b78,0,0,0.0,48.09
917,09aeac1b-6b13-48fa-b45c-562393d9fdfe,0,0,0.0,5.15
918,09b1a559-9938-40d8-ba88-9e641660c306,0,0,0.0,18.96
919,09b1a966-5b68-4994-a1ec-e3e2c599657a,0,0,0.0,18.02
920,09b1aecc-d00b-4203-a17f-a542c734526a,0,1,0.0,6.14
921,09b5ea89-1fef-4ddd-998b-b58d1bdd5fc2,0,0,0.0,18.23
922,09bcdfb8-8ee2-4390-911b-fa1982a8b676,0,0,0.0,17.3
923,09c1554b-b4ed-4e00-816f-9f7d25085875,0,0,0.0,2.33
924,09c1ab88-22cb-477b-9710-9433621a8a46,0,0,0.3289,0.38
925,09c3f8ce-ad06-4e18-9355-f09efbcb396c,0,0,0.1208,0.41
926,09cd5812-b1eb-4fbf-9da0-b86f7bb12a7c,0,1,0.0,20.07
927,09cf0ee5-0e27-4dbd-a60c-afe9eda269f8,0,1,0.0,16.75
928,09cfd94e-37dc-4082-840b-be65ae266488,0,1,0.0044,0.5
929,09d1512b-a9e4-4f8e-88d4-930831f63bbb,0,0,0.0,50.23
930,09d268a3-2549-4e42-9f12-28474e066bfe,0,1,0.0,14.96
931,09d50dd3-dd30-41a4-b406-f1e04f18e873,1,0,0.0,2.14
932,09d7bdd4-141d-4668-a522-2c343aa30481,0,0,0.0,6.23
933,09d99b5f-88b2-41ce-9778-82fe0802dc62,0,0,0.0,12.85
934,09dbb9bd-2689-4a23-a0ac-74165d7b911f,0,0,0.0,12.46
935,09dd5536-f5af-4157-ae8d-e549df0602a7,0,0,0.0,25.21
936,09de7f57-55c7-4126-a81f-002ac52138d5,0,0,0.0,2.91
937,09e0d496-7fc0-4952-b60c-1b49a39d8c4d,0,0,0.0269,1.91
938,09e33b26-4471-4f15-b238-77ae947694fc,0,1,0.0117,0.63
939,09ea03f1-1bf7-462e-8996-ed7f1bd806ba,0,0,0.8051,0.5
940,09eba7b0-839b-460d-b97d-79d0b7451b77,0,1,0.0833,0.12
941,09f004a0-f36e-408a-86eb-382bd350f1f8,0,0,0.8681,1.21
942,09f44868-fe52-45f5-8a08-5a23598cdc76,0,1,0.0,2.74
943,09f73a4a-80ba-47b3-a868-972f1ac3a8f4,0,1,0.0,6.2
944,09f74e0c-ace1-477c-92e0-ef8c2c3b2a46,0,0,0.0,49.06
945,0a0205ca-d352-43c2-a4ca-df71c634b91c,0,0,0.5288,1.86
946,0a028088-64cb-4446-88b5-53c409146669,0,0,0.0,7.05
947,0a09b183-3553-4c85-9a12-976409e4aeab,0,0,0.1704,0.73
948,0a0ef009-9d44-4399-99e6-50004d345f34,0,1,0.0226,0.96
949,0a123c4b-64df-49bf-b237-585bc7922021,0,0,0.0,101.3
950,0a15bd93-e345-4788-811f-4c98badaa9df,0,1,0.8297,0.35
951,0a1e6f0a-1817-4a98-b02e-db8c9327d151,0,1,0.0,36.63
952,0a26a981-fcd0-4f3b-9c92-3f0f62332f00,0,1,0.0,16.08
953,0a27a73f-51cf-4f21-907e-a49b99f25ce3,0,0,0.0,30.19
954,0a2c19ce-b411-400a-ab56-8c40bc995ab1,0,0,0.0,5.58
955,0a31b1be-cf10-47d9-b548-1f1efaf56d1f,0,1,0.0,5.12
956,0a31c11a-768b-4be5-8a19-ed83a457545b,0,0,0.9365,0.27
957,0a340703-49e6-448a-a001-effabb605392,1,0,0.0,3.69
958,0a3a794b-ce70-41af-80c3-8bbd828b7edf,0,0,0.0,31.42
959,0a3f4a4b-7c3c-4c29-ae6d-edcaee524113,0,0,0.0,35.69
960,0a3ffcba-a376-437c-96df-0bc7f9ee75e4,0,0,0.0,44.69
961,0a410279-98d4-42ec-b915-36b4663a836f,0,0,0.6974,2.1
962,0a467944-f30d-4d79-80d4-7b0a895a0661,0,0,0.0,10.7
963,0a46ace4-c288-4c88-914c-e96d2d3bf538,0,0,0.0,6.5
964,0a47e232-1a34-430b-b164-d33ad038b240,0,0,0.0,11.76
965,0a4afdb1-61fc-4c35-8415-33e892a200a6,0,0,0.0,28.64
966,0a4b8545-8455-4710-ad74-e5f9bc2e9209,0,1,0.0,11.84
967,0a4b8bdc-710a-410f-9cf0-ece902c369f8,0,1,0.0,8.96
968,0a5d3ce9-3ecf-4fe6-a53a-e59e677f9fae,0,0,0.2273,1.07
969,0a5d6b39-3c15-411e-92c1-27940b25ebb1,0,0,0.0,152.83
970,0a62d05f-14e0-4783-87df-34c0401617dd,0,0,0.0,8.73
971,0a6d719c-5e28-4bc4-a438-c8b1e5bc859c,0,0,0.0,14.05
972,0a711257-2bc5-4904-bf9f-95bc18ce068c,0,1,0.0,3.48
973,0a71d43b-b42e-464d-8e95-273260877af3,0,0,0.0,0.76
974,0a7322ac-64ef-4d1a-8a86-44f13e83dc9b,0,1,0.007,0.5
975,0a749a7c-9ed5-4e29-9277-d08d9c87a5f7,0,1,0.0,5.46
976,0a766395-aa70-4280-91fa-d635d011f617,0,0,0.0036,0.46
977,0a781398-cbbb-40a2-8ec3-260bb4282e4f,0,0,0.0,3.91
978,0a7be20d-c35d-41c4-9d1a-adfb24ba1cc2,0,0,0.0288,0.4
979,0a7f1a34-e18f-4ca1-a486-2c52a1ba5e63,0,0,0.0,25.83
980,0a823bc9-9721-4800-a243-ba333fd52d97,0,0,0.0,15.34
981,0a82edb4-f5d2-4354-aba3-170c38809072,0,0,0.0,25.05
982,0a89d190-39b9-4dc5-8945-645654b2352b,0,0,0.0,3.3
983,0a8b9206-9f73-4f07-8503-85710db5f722,0,1,0.2277,0.52
984,0a8d6d78-703b-4aeb-b7d9-5c8bd8026f22,0,1,0.0,17.95
985,0a8dd03b-02cf-4d7b-ae7f-c9e65ad3c900,0,1,0.0,8.78
986,0a9507fa-eb72-4536-85c9-4ac2623d173c,0,1,0.0138,0.37
987,0a9b90a9-86df-4fd7-be37-89bb61543c28,0,0,0.0,5.2
988,0a9bc052-83a8-4200-94bd-146ff15f4749,0,0,0.0,12.65
989,0a9dec46-909e-4765-b34f-653adbcdc9cd,0,1,0.0,2.86
990,0a9fab4a-9600-43b4-8382-fda698dab3fb,0,0,0.0642,0.41
991,0a9fb104-627e-4068-b9dd-2cb262fe1f4f,0,0,0.0,2.75
992,0a9fdb1e-0fa9-4492-aa21-56b4085325e5,0,0,0.0,31.61
993,0aa037f9-86f0-4341-995c-3748f40fd397,0,1,0.0,6.47
994,0aa1ef63-59fa-49e2-b789-a6602a4d479d,0,0,0.0,9.9
995,0aa2e55c-c1b0-4e0d-9a2f-e1b27f6a7e57,0,1,0.0,24.8
996,0aa314c8-80df-4087-88d0-81f5546e2de0,0,0,0.0,74.2
997,0aa35936-8a93-4174-8491-ee4b0bece920,0,0,0.0,25.45
998,0aa3851c-1734-42ce-8193-866fc961529b,0,0,0.891,1.28
999,0aa3ce49-67de-4950-b0d7-6caedef04a28,0,0,0.0,5.54
1000,0aa5ea22-717f-46b8-ad56-7cb9236f9408,0,0,0.0,10.27
1001,0aa6d313-3665-4f21-8ae5-1b4277fb421c,0,0,0.0,8.07
1002,0aa991dd-0376-4ed7-ba25-222319f5a274,0,0,0.0,22.95
1003,0aaabfd9-5358-45f1-9f4a-77d316da2286,0,1,0.0,3.19
1004,0aab92f6-5222-4ca5-8f86-78b5cfd30198,0,0,0.0,18.91
1005,0aad20c3-c518-45c8-a0bf-783a4628f63a,0,0,0.8905,0.18
1006,0aaf0acd-5d94-4d51-8d7c-948386022fca,0,0,0.0,16.12
1007,0ab2a464-d5f5-4c5f-b4f5-0c33ccb9e1cf,0,0,0.0,1.41
1008,0ab8ca35-c640-47da-b65a-98ae4d116543,0,0,0.0,3.39
1009,0ac016a6-3be9-4d4f-ac10-7bb7d4ebe7c5,0,1,0.0,2.73
1010,0ac3239f-0a47-47de-9cfd-3e91e0665a1e,0,0,0.0,3.03
1011,0ac4eb27-b3f4-4a82-a725-5db70506c2c1,0,0,0.0,18.85
1012,0ac55f73-c25a-48b2-9493-de90a983af33,0,0,0.0901,0.07
1013,0ac66484-1cce-487d-9a56-2e9ee7be448b,0,0,0.0,4.52
1014,0ac784ec-4d20-433c-ae46-03de5c2b1241,0,1,0.3835,0.41
1015,0aca9038-6b7e-42d5-b52c-dea3645284b5,0,0,0.0,15.12
1016,0acb31be-3230-421a-807e-628086bdd427,0,0,0.0,4.97
1017,0acf934d-b180-4546-8e1a-bb7cfe76a41d,0,0,0.0,44.67
1018,0acfa74c-078d-4207-8511-fb44fecf9120,0,0,0.0,21.99
1019,0ad22cef-4dad-42c2-aaa7-bc4625886269,0,0,0.0,29.79
1020,0ad5f8e0-9f59-40f3-9f10-e20883a53edb,0,0,0.0,38.58
1021,0ad65ef2-3252-4c4b-bae1-f26f9a3c32ed,0,0,0.0029,0.32
1022,0ad71033-7e56-465a-873c-ec8e9eaf788b,0,0,0.0,2.7
1023,0ad71d5b-8cd7-4654-8696-31c83d821f80,1,0,0.9333,0.3
1024,0ad7e2b2-825d-4c57-a08f-f84833327bf2,1,1,0.0,2.51
1025,0ad82fe6-65d0-41df-8714-ad1d3a3ca302,0,1,0.0,1.63
1026,0ad95cf7-594f-4855-9e8a-1a2b0878663f,0,1,0.0,3.73
1027,0ad96ea8-365f-4be4-b0e9-46d0c4d4a8cf,0,0,0.0,6.81
1028,0ada4ac8-826a-43f7-acf4-6b36ffeaf82d,0,0,0.0,13.89
1029,0adf908a-5868-405d-b75d-2bd84707bbc2,0,1,0.0,4.92
1030,0adfab76-d39e-4229-9e27-6afdc6fd18e9,0,0,0.0,25.07
1031,0adfd964-822d-4614-bdcc-4df7484cb3c9,0,0,0.0,42.25
1032,0ae73fbe-a72b-448d-baf6-2e3d455eebd6,0,0,0.0,4.49
1033,0aea1b1d-297b-4a5c-ba88-21d9465b2dfb,0,1,0.0,6.03
1034,0aeb10d7-e547-4bdd-9466-d6dd1416da02,0,0,0.0,3.2
1035,0aeb220a-c9f5-4527-b001-d6fa4269cdaa,0,0,0.0,4.84
1036,0aece968-70d1-4b54-920f-e02d01d3dbbd,0,0,0.0,7.72
1037,0aed08d1-541f-4c21-a07a-077d885b3dcd,0,0,0.0,14.35
1038,0aeede6f-c50c-42a9-a4a2-ae4d257f5895,0,0,0.0,34.26
1039,0aefcd8b-b472-4967-9f1b-6a9677273ccc,0,0,0.0,10.41
1040,0afd9d35-d248-41df-910f-6af3318757d6,0,1,0.0,7.66
1041,0b002ff1-6409-4d9d-b9da-192182b6e273,0,1,0.0008,0.2
1042,0b00ac2c-8db2-4254-a014-c2542f5b0d5c,0,0,0.0,15.88
1043,0b017b92-08fe-42a5-ad21-e2a955c468b0,0,0,0.0,0.62
1044,0b021fd3-2f40-4bfb-9fe4-de6031260a8e,0,0,0.0,24.32
1045,0b0e461d-d932-4237-8f3a-fd1d105bc9bf,0,0,0.044,0.32
1046,0b0e911b-24b3-4454-853f-0afa7a314d00,0,0,0.0,7.51
1047,0b10f6ff-e4fa-4a33-99bc-5541570f6b87,0,1,0.0,8.66
1048,0b14fca5-dc77-4eb2-91d5-d0521ea1aa50,0,0,0.0,2.91
1049,0b160411-b1b6-4622-bf59-bc44212a7700,0,0,0.0,17.54
1050,0b16d884-25be-444d-a559-1d19bfeed1ec,0,0,0.0,24.15
1051,0b1ee418-7a9c-4997-a3b1-50627bec40a6,0,0,0.0,3.47
1052,0b1f91ad-cc58-4fd6-b7bb-bb61d1d38d19,0,1,0.0061,2.1
1053,0b20863a-5d65-4a37-a3ce-d0f372475dd7,0,0,0.0,11.04
1054,0b22e782-bea1-422b-83a8-3d1c439e2550,0,0,0.0,11.68
1055,0b249cd5-ec45-4761-ae10-ae237351bad9,0,0,0.0,20.89
1056,0b26702c-7bd5-43c1-8a59-fa2d7bc7e46b,0,0,0.0,2.06
1057,0b269696-7934-4939-a134-09122db1c9c3,0,0,0.0,42.0
1058,0b299d37-6354-4840-9886-b2607f5fa5d6,1,0,0.0,2.5
1059,0b2abd33-252c-4c65-8e34-883204821515,0,0,0.0,22.25
1060,0b2b9fe4-55f2-44da-9a3d-0f5d291b767c,0,1,0.0,12.4
1061,0b2bf5a6-7a7b-4bc8-8b38-eb98eea70427,0,0,0.0,6.78
1062,0b332dde-d27d-470e-91ce-30fed3f2a651,0,0,0.0028,1.63
1063,0b36aa65-9380-4bff-a328-2dfb2e1562e0,0,0,0.0,21.5
1064,0b36cd4e-4c01-4cde-ba15-1313d3f54e09,0,1,0.0,7.66
1065,0b384008-54a9-4d30-9085-85704ea3f51c,1,0,0.0,3.3
1066,0b3b3285-6a0c-4123-ba90-527334303c21,0,0,0.0,4.71
1067,0b3c1fbf-6f3f-4bf3-8633-ecc7f455075c,0,1,0.0284,0.41
1068,0b3c2db6-e548-427e-94f9-b9679eb26928,0,1,0.0,14.37
1069,0b408ece-11b5-400a-82f3-e5c443bd7e76,0,0,0.0,21.02
1070,0b461ba7-ccc7-4655-81ac-38431a36f01a,0,0,0.0,37.93
1071,0b524997-98af-4516-b924-80d4e7cc8581,0,0,0.0,9.99
1072,0b542f33-91fa-437a-aa0a-4a4c6aa8c695,0,0,0.5535,0.21
1073,0b57ce7a-a88e-4f59-8780-bc28d1b20567,0,1,0.0,7.79
1074,0b5817e4-4219-4bc4-af6a-af2603109a7a,0,0,0.0,3.55
1075,0b582cf4-41ae-480f-90ea-f774332ad2db,0,0,0.0,4.36
1076,0b5acd55-2fbb-4783-b1b8-3aeb9f3d1b90,0,0,0.0,9.61
1077,0b5bf1dc-72db-4543-a186-49641c040444,0,1,0.0,12.13
1078,0b60ca65-454f-468d-b0e6-b3fbd6154e44,0,1,0.0,2.97
1079,0b61b267-e587-49c9-a065-2c73976e5143,0,1,0.0823,0.9
1080,0b68b3f2-c847-4d13-b78f-dfad07d1c4a6,0,1,0.0,11.23
1081,0b696f48-5f6c-4712-b5a3-78e863bf2fc8,1,1,0.0,3.87
1082,0b6a66a8-c061-422c-b6eb-e8155d210182,0,0,0.0,9.8
1083,0b7057b3-b7e5-4e05-84f3-6909affcdbcf,0,1,0.0,3.81
1084,0b71a77d-c664-4fb0-806e-05fecc5f7027,0,1,0.6141,0.45
1085,0b73d8a2-31c3-43f1-bcff-f80401b09afc,0,0,0.0,5.57
1086,0b74cce6-2196-4292-8607-f390a777c881,0,0,0.0,5.02
1087,0b79ddde-6952-4301-b473-2539968c45a5,0,1,0.0,20.68
1088,0b7c5764-9fc6-4d0a-86ba-3a3269be4cbc,0,0,0.0,6.15
1089,0b7d125d-6e3c-4272-878b-ef7b3f96dbac,0,0,0.0023,0.46
1090,0b81fdea-8b5d-4843-a649-2f49600afad0,0,0,0.0,13.87
1091,0b89bc6e-03fb-4652-83a6-d978ac6a2216,0,0,0.0,5.6
1092,0b89cb46-e80c-4c43-8e75-6f7b01eca839,0,0,0.0,3.56
1093,0b8cba09-41fc-485f-80d0-598d5e932245,0,0,0.0017,1.62
1094,0b8f8723-ec27-4225-ade9-e9c572393ece,1,0,0.0,2.88
1095,0b96f695-27de-4c40-81c3-50f97b57c261,0,1,0.0,14.04
1096,0b9bf2e2-9211-4dd1-9410-8dbec9480c57,0,0,0.0,3.68
1097,0b9d12eb-ad74-4e0b-bddf-a4357a385553,0,1,0.0,16.57
1098,0b9d62b8-e400-404b-9b24-5fe0f9c36414,0,1,0.0,3.34
1099,0b9ddc16-9f45-4f1b-85cd-6d9c8ab5809c,0,1,0.9813,0.07
1100,0ba138d8-e6ef-430f-b09b-33e07df4c4c1,0,1,0.0,2.16
1101,0ba45d55-97e0-480b-a9b7-ff4cfc00b9a4,0,0,0.0,6.89
1102,0ba511d8-801c-43b5-b2db-bcf82db47ffe,0,0,0.0,3.36
1103,0ba641ef-ddc7-4c33-a1ed-966b8008c8a0,0,1,0.0,42.79
1104,0ba96ee4-116c-40af-8167-a4665a35038e,0,0,0.0025,1.57
1105,0baa9346-b38f-4bb9-81a1-4535af6fabca,1,1,0.272,2.66
1106,0bacbc17-1876-4ce5-9d73-0e5b05016f9e,0,0,0.0,204.11
1107,0bb05334-307b-45cf-931f-0cd8ba9b0a1f,0,0,0.0609,0.32
1108,0bb7e23a-3e1f-4317-affd-32eda870f0f7,0,1,0.0206,0.92
1109,0bb82805-b793-4a34-a0c7-6b6d247e21ca,0,1,0.0041,0.93
1110,0bb8de12-12fd-46b6-bfdb-20041e938599,0,1,0.0,50.54
1111,0bbbc5c7-1805-41a3-ba04-f0c21fdee12f,0,0,0.0,4.66
1112,0bbdbaa5-cb79-446a-ba20-e63b9cac322a,0,1,0.0,6.72
1113,0bbfb903-72bf-4156-93a4-f77444a52003,0,0,0.0,9.62
1114,0bbfc1d2-0e28-4e74-868d-696efe3fae72,0,1,0.0435,0.57
1115,0bc0c3d8-32ad-419f-9bf4-f57f5c4e3c6d,0,0,0.0,12.17
1116,0bc1a1f2-1a25-4d12-b4fc-b482aba3fe5d,0,0,0.0053,1.65
1117,0bc871c8-a834-4ce9-b1e0-20d6cb53cffb,0,0,0.9282,0.22
1118,0bc8bb9d-0d59-44d6-a423-193a2cb073d8,0,1,0.0,19.81
1119,0bc98ff1-e22d-43d6-b46b-25a507c72aca,0,1,0.0,4.42
1120,0bcdf37b-f4d4-49ad-a4e6-9ed60fc2c150,0,0,0.4065,2.11
1121,0bce86c9-ee38-4729-b864-fd3e149de133,0,0,0.156,0.3
1122,0bd20da1-1dcf-4437-9981-1cef07905e39,0,0,0.0,0.76
1123,0bd2d096-772b-4aa7-8b5c-886dff6d86c4,0,1,0.0,21.86
1124,0bd3e6b4-3186-4e48-aa60-6feae11d82c4,0,0,0.0,7.62
1125,0bd41241-eb50-4b1d-aaa5-9beef217d624,0,1,0.0,1.7
1126,0bd58e66-dfd9-4db4-b7cf-7142d541e7ce,0,0,0.0,10.21
1127,0bd5fdc4-a3f9-4fb9-b1f9-f4556e1cbb9c,0,0,0.0,5.09
1128,0bdd2354-7f71-4620-9de9-23264a4fade0,0,1,0.0,6.56
1129,0be16b07-f752-4ba5-a91b-cb1a55905cc0,0,0,0.0,31.4
1130,0be27fd7-3155-4d97-a324-d1e3d687aad2,0,0,0.0249,0.7
1131,0be9cfd0-c75b-4231-aa12-793c0ba4c730,0,1,0.0,16.05
1132,0beca045-918e-4abc-8093-9098f05c6a49,0,0,0.0,115.51
1133,0bef92e2-06d3-482e-9005-e55507ab6100,0,0,0.0,4.62
1134,0bf14d85-8622-4e56-aeba-37474dd48408,0,0,0.0,18.07
1135,0bf82db3-6d69-490f-94b6-a12be1efa0b8,0,0,0.0,4.01
1136,0bf88919-f6b4-41ec-a75e-9f0623ccd2da,0,1,0.0,5.43
1137,0bfacd6c-cf6f-42ea-8868-a4e1986943a7,0,0,0.0,11.27
1138,0bfc9a09-2fbb-4090-8927-d04720212a2e,0,0,0.0,11.92
1139,0bfe24b6-8afa-42c0-9806-c3c84b96d796,0,0,0.1341,1.46
1140,0bfe3f9f-55ad-4fd2-ae04-3c69b2f59988,0,0,0.0,17.84
1141,0c015ea8-f007-4fb9-92f9-520bd29349a1,0,1,0.0,9.23
1142,0c018f48-a5ac-4cb3-94ae-9fd559a2255b,0,1,0.0,8.15
1143,0c0584ca-b2bd-414f-99d1-d6edc070555f,0,0,0.0,18.59
1144,0c096557-313d-47ad-8075-6c9dea3da2bc,0,0,0.0,68.63
1145,0c0bc327-09ec-4d5a-be5d-0faedf86da41,0,0,0.0,18.47
1146,0c0db1fd-63b2-4c87-a659-09c35d3cf1ca,0,0,0.0257,0.2
1147,0c15cd39-bb3f-4624-a32a-97d45571e907,0,0,0.0,9.75
1148,0c1bca0e-1d88-4bd1-be91-d8240a00089b,0,0,0.0,29.1
1149,0c1dc681-6f47-43cb-af12-1abade490d9a,0,1,0.0,22.51
1150,0c21d8f9-613d-4514-8973-058e132a3cf6,0,0,0.0,46.42
1151,0c22f339-3264-4102-a563-40744b3142a5,0,0,0.0,7.04
1152,0c24191c-60d3-412b-9477-47dac4e057ff,0,1,0.0,2.57
1153,0c290909-1454-4c9b-8294-da42fd89e7fb,0,0,0.0,3.38
1154,0c2cb1eb-f61d-4b29-b4ae-3b82a8365e12,0,0,0.005,0.65
1155,0c31b2fd-8779-4107-9138-3311b33a1f7b,0,0,0.0,3.32
1156,0c363d15-ee74-4f96-b84a-bd38bc483bd3,0,1,0.0123,0.25
1157,0c37080a-767a-4c0f-94e2-696e7fd04701,0,1,0.7224,0.35
1158,0c3a60df-cea8-47cb-8617-e8d7b7811d04,1,1,0.0,2.82
1159,0c3cc0c3-8803-4a76-af91-21b6dd5d8571,0,0,0.0,17.89
1160,0c4130ad-605f-485f-9bec-b517cba3c041,0,0,0.0,7.31
1161,0c42491f-0bc4-4d4b-9f97-9b7b930658ab,0,0,0.0,8.16
1162,0c42bdd2-3ffc-42ac-b222-99726d9e9368,0,0,0.353,0.05
1163,0c45fde8-0da6-4e7d-bbe5-b9dd9b6f5cf3,0,1,0.0,40.14
1164,0c4f22fa-e591-47fd-85d4-b1f4be696c02,0,0,0.0,2.9
1165,0c4fa862-a72a-4ff5-9c5f-6f9ef6df0d03,0,0,0.0,3.58
1166,0c50a380-2561-43ae-a2fe-416a5de09ccc,0,0,0.0,9.65
1167,0c539564-9cf2-4a1e-9c8c-7cc2809ef640,0,0,0.0,31.83
1168,0c53a458-ed93-46b6-a3f8-5f194c51fc59,0,1,0.3421,0.6
1169,0c5542f6-ee69-447a-938e-a4b70a042247,0,0,0.0184,0.36
1170,0c56d7e2-85a5-4afc-b456-18118a97a9c2,0,1,0.0,2.49
1171,0c59588d-d485-4d34-ae0a-d1d0b54f792e,0,0,0.0,17.46
1172,0c5dee21-90ec-4d6b-8610-e739ecb34949,0,0,0.0,4.81
1173,0c62153e-325f-43d5-88d7-1641019839dc,0,0,0.0,2.69
1174,0c627851-d61d-4492-b48e-111121dde3b4,0,0,0.0,30.92
1175,0c62b33d-aab5-452b-89d0-8df76b2b850b,0,1,0.0,3.62
1176,0c64dcdf-97d0-4faf-80cd-43adc244696f,0,1,0.0,13.62
1177,0c66ebde-d019-4407-a810-408d6f11bc52,0,0,0.0,2.96
1178,0c6a9e82-4a21-4678-a96a-3ea10af3e1eb,0,0,0.0,7.17
1179,0c6f84ef-fc15-46b6-8506-64f76a15c07c,0,0,0.0,22.31
1180,0c6fac6a-7654-49ee-9e83-7ca535e17a27,0,0,0.0,10.74
1181,0c7081be-fb6b-4496-813c-9864427d1b6a,0,0,0.0017,1.44
1182,0c71d21b-59a8-42a0-b209-f9f68f0bda5b,0,0,0.0,3.15
1183,0c790e47-d1d6-4cbd-a008-53d15b941783,0,1,0.0,41.71
1184,0c793965-f2f0-4b31-b522-46a0f0509753,0,1,0.0,24.16
1185,0c7ba95b-d462-4fa4-9ccd-d7def7124537,0,0,0.0,21.54
1186,0c7bd4ee-0488-4cd0-bbaa-a00bc938c0dc,0,1,0.0,11.84
1187,0c7fb7de-11cb-4889-9e9b-de402a5551be,0,0,0.034,0.49
1188,0c80708d-b2f0-49aa-9334-f36d8690692b,0,0,0.3646,0.23
1189,0c813aa2-21b1-4f2c-941a-ea7fadfbef0d,0,1,0.0,9.52
1190,0c81f950-f680-4ff4-96d4-a9eb0b2fb1b8,0,0,0.0,4.78
1191,0c87a7bf-839a-4e19-ac10-4af77a3e2d09,0,0,0.5863,0.49
1192,0c895fb5-057e-4a67-a4d4-ffed76aef88b,0,1,0.0,7.93
1193,0c89a833-1417-4029-9521-22d95bc397fd,0,1,0.0,46.02
1194,0c8d5240-dc47-4e1e-88f9-ebc5945a1598,0,1,0.0,27.18
1195,0c8e7d59-e7aa-42ff-8af3-88e75c723396,0,0,0.0,29.47
1196,0c8ef61b-ad77-4b3e-9241-6793cefe5d8b,0,0,0.0018,0.95
1197,0c8ffa21-9121-4cb6-baf1-b984ce0968d3,0,0,0.0,24.19
1198,0c905faf-7705-4a34-9d9d-827ec674bedb,0,1,0.0,24.17
1199,0c913a59-3033-4b34-803a-d5fa24423097,0,0,0.0,42.14
1200,0c978d7a-a146-4f44-a53b-b96fa4a19498,0,0,0.0,11.93
1201,0ca36878-08c9-4bbf-8bf7-2f4af0d9b2d0,0,0,0.0,4.72
1202,0caaa233-958f-44c5-b0dc-1ea481d8f5a3,0,1,0.0135,0.26
1203,0cab6fac-4e5a-45a8-8215-6b3b9ee0b3fe,0,0,0.0,3.46
1204,0cacff13-b95a-4e3d-89cd-37c5850dca20,0,0,0.0,2.38
1205,0caf9044-5372-4ee1-81f2-0d9cd16faa3d,0,0,0.6838,0.39
1206,0cafdc2a-c025-43fe-97c7-d212704707c5,0,0,0.0,12.07
1207,0cb1e56b-2298-48fb-a2f5-e48d8ccff751,0,0,0.2833,1.56
1208,0cb2430e-d64b-4873-8c39-691db5d6a295,0,0,0.0,31.81
1209,0cb43851-7498-41e0-a61b-d1e88dd4d301,0,0,0.0518,1.51
1210,0cb5f6de-870e-4166-a722-296750c4a6e5,0,0,0.0,2.53
1211,0cb6c993-0dc3-460f-95ad-2fcddb63d7a4,0,1,0.103,2.12
1212,0cb92b4f-4af4-46d9-9792-7745700daede,0,0,0.0,13.95
1213,0cbc1231-ba59-4791-8783-a2f170a2e290,0,0,0.0095,1.11
1214,0cc23c18-4ba1-4321-ba48-e5e9652b5122,0,0,0.0,2.49
1215,0cc4419b-d67a-4dbc-8346-99183bf2fe63,0,1,0.0,19.15
1216,0cc53aaa-52b7-4825-9147-5a255cc372b8,0,1,0.0,2.99
1217,0cca3e7c-5520-4b1b-903d-7b698aa2155f,1,0,0.0,3.5
1218,0ccc676a-983a-4048-b89d-fb970b6f061c,0,0,0.0,46.53
1219,0cd3e48a-3bc8-4c53-911c-ad8156a026e5,0,1,0.0,6.73
1220,0cd8dbc1-9fc6-44b1-bc86-6021c9b41191,0,0,0.0077,0.87
1221,0cd9c76d-f7d1-4ab6-b97e-bd775aeac74a,0,0,0.0,3.71
1222,0cda6cba-0982-4266-bd90-5641aa5b06e1,0,0,0.0,8.27
1223,0cdbfaa9-d2a9-4b12-a21a-9de638468020,0,0,0.0,2.86
1224,0cdf08b1-6672-448b-b425-a9b04458d7c6,0,0,0.0,42.98
1225,0ce071d7-41b2-47b2-a655-5f79173a9047,0,1,0.0,22.57
1226,0ce0f440-cc87-4fc0-bb2d-f9eb34af28fe,0,0,0.0,11.86
1227,0ce1e4f0-320d-4628-967b-b6fc82328f89,0,0,0.0,2.96
1228,0ce2206d-6301-4daa-85bd-3b21bbcc2fe0,0,1,0.678,0.1
1229,0ceae692-d0c4-40f5-97af-c1bffedc84cf,0,1,0.1541,0.71
1230,0ceb4165-1ad8-4e96-9850-8fbbd1ac983e,0,0,0.3605,1.31
1231,0ceb6ef9-1ff3-4a4b-a4f1-3da80a05f32e,0,0,0.0,13.21
1232,0ced8a08-c4c9-4e05-b3f1-85da3d6d638c,0,1,0.0,20.12
1233,0cf00172-cd3d-4b25-8674-1e4dc9017af3,0,0,0.0,2.62
1234,0cf352c8-1c0e-4b21-808a-661843b93cbd,0,0,0.1134,0.86
1235,0cf4c8c9-2a6b-449f-aa21-a3ef7eef4c63,0,0,0.0,18.35
1236,0cf52cef-bdb9-463f-890d-20edcd2d2af5,0,1,0.0,17.08
1237,0cfdf8f2-cc52-4628-8562-cce1fe9803f1,0,0,0.0,4.13
1238,0cfe1222-66f8-44ed-9570-eb3abadfbe15,0,0,0.0,9.04
1239,0cfea822-7fa4-45b9-8be0-044e503c8714,0,0,0.0,20.38
1240,0d002181-baf5-4691-b69e-e501f5df95ba,0,0,0.0,2.82
1241,0d01e27b-be09-4795-9a2a-7d6745f2f478,0,1,0.0,17.18
1242,0d06dc1d-4933-4f6d-af9a-280e16a7a36e,0,1,0.0,12.02
1243,0d08518f-e485-4377-a1f0-c411c9d836a6,0,0,0.0317,0.46
1244,0d0d74cf-6de6-44c8-aa38-a54d8deacf07,0,0,0.0,7.7
1245,0d130467-3239-475a-8590-be2aae295a9f,0,0,0.0,7.7
1246,0d1361e1-f794-4434-ad1b-ff8c665dd405,0,0,0.0,34.92
1247,0d15533d-0783-47e5-a1d5-58ce9142ec9f,0,0,0.0,11.92
1248,0d176721-4cab-4a56-bd9f-b65938c5fcb8,0,0,0.0,5.95
1249,0d1ac628-0571-4ae7-b954-9c9fa6a5b023,0,0,0.0,10.25
1250,0d1bff5c-de65-45e2-a18b-af328b9acfa6,0,0,0.9617,0.39
1251,0d1c4a4a-dd03-4474-b48d-9412f956f2bf,0,0,0.0,9.77
1252,0d1ce4e0-31eb-42fa-94cc-0937e21ddfd4,0,0,0.0,12.14
1253,0d212c36-a95c-4a7d-ac1d-703651539308,0,0,0.0,15.25
1254,0d2c3342-e7de-4e00-a1b5-82d0ad40a51f,0,0,0.001,1.16
1255,0d2e5ebc-20c4-471a-8005-5ad3048f8cd3,0,0,0.0,3.46
1256,0d2ecccb-e3e8-43e2-95f4-c4083b36020c,0,0,0.0,99.21
1257,0d305be9-9b9c-4250-b2c4-479fd7805e98,0,1,0.8096,0.14
1258,0d338678-1606-4add-8741-5490b8c17d76,0,0,0.0,2.45
1259,0d357f04-02f5-40e1-95bf-04fedc364bee,0,0,0.0,7.74
1260,0d3df5df-1280-4b81-ac95-ab917bbeb009,0,1,0.0,19.91
1261,0d4447af-7e94-46ad-bd67-ae4caf4885a7,0,0,0.0,10.51
1262,0d457cbd-11b5-41af-ae17-2b9090ec1680,0,1,0.0,11.28
1263,0d47afc9-ce6f-4472-85c3-281fd2ba6d86,0,0,0.0,15.4
1264,0d47e7a3-404e-4911-a750-a07137c4ad73,0,0,0.0,14.23
1265,0d494734-a5da-4ee9-aa6b-8a5b7cbab3cc,0,0,0.0,34.72
1266,0d4bbe9e-6db5-4872-a4fa-07869ce58913,0,1,0.0,8.14
1267,0d4c0c83-2373-4444-930d-ed820d803920,0,1,0.0,3.2
1268,0d4c4ead-528d-4f54-8d0c-be4738acee4d,0,0,0.0012,2.13
1269,0d4fcdb9-ac86-4ac4-8934-0c7ba36a0fe4,0,0,0.0,46.39
1270,0d517723-f726-4804-b003-6da95b944d93,0,1,0.0,11.04
1271,0d53e5a3-46ae-45c3-b0c2-f5765bfbfed6,0,1,0.9719,0.76
1272,0d5421f8-e8c6-4d09-bbe1-0ed82f7baf64,0,0,0.8388,0.24
1273,0d543ca6-c515-4edd-bf8e-e687bbbb14c0,0,0,0.0,25.82
1274,0d581d8e-8ecf-4bff-a7d7-002b9e30b63b,0,1,0.0,49.31
1275,0d58369f-cc8e-416f-b972-adf557dbe86b,1,1,0.0,2.35
1276,0d58b0d4-3e8f-4594-91e5-4834f4b4e3d1,0,0,0.0,6.25
1277,0d5be181-a863-461b-9ce5-13e571f6036f,0,0,0.0,27.33
1278,0d5d8930-2bc9-4d54-a542-f3d39d090e90,0,0,0.0,4.56
1279,0d623c99-a976-4e9f-acd5-862b17eb99da,0,0,0.0,3.87
1280,0d679fb2-925c-4893-b0b5-ead6ddc0a7e6,0,1,0.1608,1.44
1281,0d7075c6-e29d-4c6e-ad78-fc738bc6ad37,0,1,0.0,15.15
1282,0d72a93e-8159-49f3-9b74-dc0dd2d5723f,0,1,0.0,14.77
1283,0d72eacd-432c-4b33-aa51-77dd76272772,0,0,0.0,19.34
1284,0d7358f9-fce5-41fd-afed-a580fe532b30,0,0,0.0,9.22
1285,0d7453f3-62f4-4554-ba2e-4ea090ff76c9,0,1,0.0,16.87
1286,0d750bed-1423-44b8-a986-a9184ea73e49,0,0,0.0,49.0
1287,0d7a7ba9-5b44-4240-9456-7a2a5102adc0,0,0,0.0,5.52
1288,0d82a152-a560-45f8-9e5a-d2b3eff81051,0,0,0.0,6.88
1289,0d83d5fd-c92d-42f6-b84d-8fc982392b6e,0,0,0.0,3.1
1290,0d8f12f5-b689-43cf-8269-75eb51a97b42,0,1,0.0,10.96
1291,0d93411e-87be-40f0-a747-d28c53db1bd2,0,1,0.0,4.25
1292,0d9385ab-10ad-47ef-aeeb-5c233375a401,0,1,0.0,17.55
1293,0d95bce3-e8a5-4f82-adc3-71058e0a6d91,0,1,0.0,32.1
1294,0d9848d1-4bb8-4a2e-b963-db697cec1327,0,1,0.0067,1.1
1295,0d986187-8392-4e0f-977c-6e7def5f0c15,0,1,0.0,8.24
1296,0d9a95f8-1954-4246-bcbc-4f467740bcb4,0,0,0.0239,1.24
1297,0d9edd03-daa8-4983-b263-b5ef0f1c7a80,0,1,0.7473,0.13
1298,0d9f4884-285a-4cf9-8a85-65cf4726b0c9,0,0,0.0,9.86
1299,0da15dbb-ea7e-4acd-984b-ffad7a214a55,0,0,0.0,4.21
1300,0da290f3-971b-4f07-b481-61954850fb43,0,0,0.3905,0.62
1301,0da2ed45-cd05-47a6-9ffd-d2ec3eeca998,0,0,0.0,7.01
1302,0da3040e-6e20-45fc-8703-11d9155343a6,0,0,0.0,3.73
1303,0da72deb-7b24-4d5d-a58b-0f2d39d97b33,0,0,0.0,9.33
1304,0da96cbd-5594-4558-a890-a6fc8c353201,0,0,0.0017,1.65
1305,0daafd6f-67ad-4529-8dfa-2fe668e152f0,0,0,0.0,5.16
1306,0daceb9b-85fc-4f40-8553-3cd02061b83d,0,0,0.2302,0.92
1307,0db027f6-37a0-4291-9215-722d03b28529,0,1,0.0,8.68
1308,0db30ba0-9d85-4e04-b4a7-bbf6c110d2f6,0,0,0.0,3.66
1309,0db5442f-66bb-4b63-8670-2e6d194d7987,0,1,0.0,29.34
1310,0dc3ea67-6bbe-49d1-b56f-2ac38bb5f920,0,0,0.0,19.44
1311,0dc5ec79-beb9-45a0-b370-693d8b294323,0,0,0.0,6.6
1312,0dc8eeef-e205-4ec0-8e52-14e29088dab6,0,1,0.0343,0.14
1313,0dccd130-f5e5-458d-88c3-70f85e6045a5,0,0,0.0,3.11
1314,0dcd03cc-c29e-411b-91d5-e1303f79b74f,0,0,0.0,8.71
1315,0dcf79c2-71a0-4e3f-bada-e0d87a7e8979,0,0,0.0,26.24
1316,0dd21e4b-0f79-446b-ab2b-c5ac451c1285,0,0,0.0,4.18
1317,0dd25b41-2da9-4f1e-83f7-0fff25e258aa,0,0,0.0268,0.56
1318,0dd72939-e166-4c4f-9b46-29c6c0d22c85,0,0,0.0143,1.14
1319,0dd7d0eb-2e5b-479f-bd50-09c72d9e318d,0,0,0.0,20.2
1320,0dd7ef80-7899-4f57-9b4b-8ea55059ae37,0,1,0.0077,1.48
1321,0dde03d8-5525-45c8-8229-71cebab68777,0,0,0.0,35.53
1322,0dde0c99-319f-4e39-808d-f59b3a8ccbc3,0,0,0.0,35.63
1323,0de0a630-9806-427a-9beb-f3a38f936755,0,0,0.0,13.93
1324,0de0ad0d-47db-404b-bae4-cebf15136717,0,0,0.0,7.08
1325,0de65ad4-4bc6-418a-bd68-1f45674b24e2,0,0,0.0,3.69
1326,0de6e5b5-d8b1-43a0-94b3-cc167b5e8bd3,0,1,0.1233,1.14
1327,0de7b1cd-cb30-4b61-955d-1713f232dc2f,0,0,0.0,27.29
1328,0de95363-daa1-4644-96e7-567b659a02cb,0,1,0.0,10.52
1329,0de98060-0425-4e4a-b516-b893a2ccf7a0,0,0,0.0,1.88
1330,0df23a54-c626-4595-8263-3483ea0c84c1,0,1,0.0,18.32
1331,0df7a151-81b9-40be-bd3e-83a0ce078920,0,0,0.0044,0.82
1332,0dfa91cf-560c-4de0-b1eb-f5011fbc6d09,0,0,0.0,12.04
1333,0dfb4cf5-3771-4c3f-8444-5432bbf6bfcd,0,0,0.0,5.71
1334,0dfba1ee-1d63-4940-b1ce-873651f55560,0,1,0.0,41.46
1335,0dfccf52-9aa9-40c8-92aa-37278cdcdbfe,0,1,0.0,65.44
1336,0dfe39cf-284b-490e-94f3-0bf8d1c86803,1,1,0.0,2.86
1337,0e01c6c0-d1bc-4b0b-9c87-4e377a2eb578,0,1,0.0,10.34
1338,0e055e62-f8a2-4d1f-a4e5-2d6daa4be696,0,0,0.0,10.96
1339,0e095322-c4f9-4fe1-9cee-8409c19dd557,0,0,0.0,71.2
1340,0e0c6531-84aa-4848-af40-af2da5cf3b06,0,1,0.0,16.24
1341,0e0c96ac-24f6-4e2f-8a00-8d1d9cfbae36,0,1,0.2166,0.04
1342,0e0ca706-f5cd-44b7-9839-f556a6c3b852,0,1,0.0,2.44
1343,0e0d9168-5f2a-4c39-8e2b-bab64185a447,0,0,0.0,2.77
1344,0e0eb4aa-0c23-4ba2-a7f1-db51a208fc2e,0,0,0.0,2.97
1345,0e151c4b-db46-4b9b-9d76-1c553e092354,0,1,0.0298,0.24
1346,0e1c4834-52a7-4687-961f-9c54ff379d61,0,0,0.0,1.76
1347,0e206a16-e6d4-470b-97ad-7182c6740d07,1,1,0.0,3.4
1348,0e24ff76-238a-4020-854b-cafbe41010cd,0,1,0.0,2.31
1349,0e2e3a10-d710-4a20-a123-d9f12f45e85c,0,0,0.0105,0.23
1350,0e2f2391-c4f1-4676-875e-58c4c68d2289,0,0,0.0,6.25
1351,0e3306fd-f236-46ec-a907-aa775550456d,0,0,0.6506,0.28
1352,0e33b9b9-ad03-4ba1-8228-f8e8d6792ed9,0,0,0.0,1.46
1353,0e33fd52-f45e-4bfc-a18d-626f57ea1a55,0,0,0.0,27.88
1354,0e35ae26-6d79-4b6c-80f5-34c177446319,0,1,0.0,3.59
1355,0e39ce94-507d-4d8d-be93-a020b55dafc7,0,0,0.0,12.46
1356,0e3a4c5c-13b0-4063-9638-46a17c586cd8,0,1,0.0,2.97
1357,0e3ab06a-a0c6-4024-8748-ec07dd8f0fad,0,1,0.0032,0.51
1358,0e3ea942-9b25-4e5b-b106-4f8daf2c56fa,0,1,0.0,16.97
1359,0e431cc0-b48e-411a-b7e8-b2d839e90be4,0,0,0.0,50.19
1360,0e43fa69-b432-46d9-9070-b3db99d34ae3,0,0,0.0,3.47
1361,0e4895e3-5215-44b0-b8c8-fe2bf04bec5e,0,1,0.0,6.92
1362,0e4a97ba-a6d4-4e3c-8915-ea119b86a394,0,0,0.0,11.83
1363,0e4d5ca8-0816-4e92-a3c5-5183d597ba48,0,0,0.0,15.11
1364,0e4efc6d-addf-49bc-ad69-7035e250a835,0,0,0.0,11.75
1365,0e574d2b-508f-4dfa-882e-a75bfb8d476c,0,1,0.2759,0.22
1366,0e59756f-3af7-4c2c-983a-862ba9da9b8f,0,0,0.0,18.96
1367,0e59b3b6-6c3f-4e11-96ae-efd05df985f4,0,0,0.0,5.08
1368,0e5b4ec4-6310-444a-85ad-dc17fe30a166,0,1,0.8544,0.46
1369,0e5f0c61-94e5-4eb4-82c1-7ef399457533,1,0,0.0,3.61
1370,0e603944-4ced-4107-82ed-de4d7571a4e8,0,1,0.0,4.87
1371,0e64b61b-86b1-4bb4-9e12-5256b0d46f67,1,0,0.9333,0.26
1372,0e6b00c9-731a-4a75-9b8b-dccd05fbc566,0,1,0.0,3.98
1373,0e6ff596-8cf5-443d-82b8-99b4490939b7,0,0,0.0584,1.54
1374,0e74ac4a-1279-4de7-b565-875564ba97e3,0,1,0.0,17.88
1375,0e80395f-1fff-4b60-9094-6cd5134fd65e,0,1,0.0,2.76
1376,0e80a3af-0016-42e0-806c-2e1013cbd6cf,0,1,0.0,12.48
1377,0e81c03b-6a56-41d8-979a-16d4dea2701a,0,1,0.0,3.04
1378,0e81da54-e6cd-4caa-9f6c-3745bb7fe711,0,1,0.3615,0.63
1379,0e844402-b4d2-475c-90fe-2c85f3c4e25f,0,0,0.0,5.52
1380,0e87d877-21ea-4cc5-abd4-47bc160298e0,0,0,0.0,3.27
1381,0e88d99f-f5e7-4038-8801-0778f1c40594,0,1,0.0,3.15
1382,0e8ea114-c897-401a-acd9-1fabe6df2ac9,0,0,0.0,10.46
1383,0e909a11-e52f-43ed-b39e-31a6cdc77c53,0,0,0.0,5.37
1384,0e9193f1-0115-4434-94c9-17f6de16b21f,0,0,0.0,2.91
1385,0e9226c4-3472-4832-b775-f189163f1a4d,0,1,0.0,3.18
1386,0e973524-f219-4d55-ba28-c906ad1da16a,0,1,0.0,4.12
1387,0e9af1c3-3865-4cd8-935f-45119d50bd60,0,0,0.4268,0.2
1388,0ea1d8d1-2996-4d8e-8014-bf6749131d55,0,1,0.0,12.26
1389,0ea8262f-451c-4f9d-a078-4242d619877a,0,0,0.0,7.58
1390,0ea9e330-e82e-4bfc-9bbb-ab1d7f8a742f,0,0,0.0,9.17
1391,0eb34cc1-8dd7-40cb-9a54-f302ce6746f2,0,0,0.0,3.13
1392,0eb37920-5e76-4e90-adae-71e10ca8c4dd,0,0,0.0,19.81
1393,0eb7d35f-7512-4ca4-b289-4678e0676c3a,0,0,0.5446,0.37
1394,0ebc8108-d769-4fea-8f8d-70fa570d2738,0,0,0.0,4.93
1395,0ec20287-96ad-4a8a-b213-dcb6a96e43e6,0,0,0.0103,0.24
1396,0ec9534e-6fac-49b5-a560-6f1da5fdc601,0,0,0.0,10.35
1397,0ecb44c6-293b-419e-a2b7-0fd890315cdf,0,0,0.0,21.8
1398,0ecf96d5-0fbc-41ca-9204-b8a3fbe3178e,0,0,0.7141,0.19
1399,0ed228c5-4fed-4884-bde2-f3c873eca1cb,0,0,0.0,3.63
1400,0ed89775-4ba4-4644-98c8-e27530b9dca8,0,1,0.0,17.61
1401,0ed9e730-d274-4e74-ab10-fa96dcb01b96,0,0,0.0,37.21
1402,0edd3c79-c57e-40f2-a0aa-bd2517915f50,0,1,0.0,19.75
1403,0ede6234-94bd-4da7-ac34-8fafc9e6bb99,0,1,0.0118,0.97
1404,0ee2d815-f888-4731-a7f4-13a89d11d217,0,0,0.0,44.06
1405,0ee5e25b-f4ee-44e3-a408-0e3b1163c760,0,0,0.0,7.5
1406,0ee8f1ba-7189-4f99-880a-8b65a1531c2d,0,0,0.0,36.19
1407,0eeaa877-2295-489c-99b3-073439bbb5af,0,0,0.0,47.3
1408,0ef2e827-beec-4d41-8aa1-dfa1a2c9edf5,1,1,0.0,3.07
1409,0ef3ec41-70fc-4796-9446-051b7cfb56b5,0,0,0.0014,1.34
1410,0ef75e55-0764-41d5-b723-2ad4454b2851,0,0,0.0,5.12
1411,0ef966a8-af17-42a7-95ae-a3400cfeebe1,0,0,0.0,4.0
1412,0ef9aa66-f733-4209-a538-4d0eeb28b024,0,0,0.0172,1.31
1413,0efb343d-e959-4811-a386-0cf02a816eb2,0,0,0.0,90.05
1414,0effc1ae-3969-4621-94f2-a210271851a3,0,1,0.0,11.07
1415,0f0309b8-4449-4b67-bd0c-55fcf2468f8f,0,0,0.0,2.11
1416,0f0418fe-05bc-4051-92ae-ee61835696c8,0,0,0.0012,0.91
1417,0f0ac53b-a05e-4bf7-a70c-94e6a351f218,0,1,0.0,12.37
1418,0f0b065b-262d-44ab-b035-f2cf0ea6e9fb,0,0,0.0,2.62
1419,0f0c84cc-8085-48fb-9d26-95084f325247,0,0,0.0,3.95
1420,0f0cb78e-0a56-4cef-b719-ec6fd2b6bc6b,0,0,0.0038,0.72
1421,0f106139-ae4a-414b-81b1-293573283479,0,0,0.0,2.13
1422,0f120b90-e69c-4d2e-8008-af2865038d48,1,0,0.0,8.89
1423,0f12d0c4-7d53-49d7-a6c8-d409e09f0063,1,1,0.0,2.89
1424,0f157877-2e53-4fd6-83ef-e577164c7521,0,0,0.0,8.94
1425,0f183a48-dc7d-448f-ab93-6b850de017df,0,0,0.0,2.96
1426,0f1957eb-6acf-4cae-b615-a016d18c9820,0,1,0.0,54.13
1427,0f199b40-7fef-42e4-9464-37ee4c979263,0,0,0.0,29.08
1428,0f1b1cbd-f2d2-48b1-89c3-d5420e222eb7,0,0,0.0,25.02
1429,0f23e512-fba8-4847-8e91-f4f643d6487b,0,1,0.0,5.95
1430,0f25c4b9-3f10-48cb-8e48-b2f917d4bc90,1,0,0.0,4.0
1431,0f2660c7-6563-458d-b329-afc72dd56da4,0,1,0.0,3.77
1432,0f270f39-4b4b-4b0e-b1ed-8fd5ec54de77,0,1,0.0,3.57
1433,0f2b0ed6-811c-4cf4-9b80-c16c4459f127,0,0,0.1698,0.13
1434,0f2d3cd7-0fc2-4bad-9757-676981bd0ea8,1,0,0.0,3.03
1435,0f2e509b-972b-4460-862d-2693fc977c2c,0,0,0.0,19.66
1436,0f31312e-0ece-424b-a1a3-3bff50e358d2,0,0,0.0,8.72
1437,0f315186-2614-4245-a035-2e387b87ca63,0,0,0.0,3.71
1438,0f31fa02-57b4-4bdd-b4b5-49678b9531ce,0,0,0.0,4.55
1439,0f3335c0-aaab-4e61-b93d-a332b1864af9,0,0,0.0,2.83
1440,0f34e046-e12f-4e47-b02e-6cdaa3af3ec4,1,0,0.9462,1.83
1441,0f35c6e0-1e83-454c-ab76-0d231e07ca73,0,0,0.0,5.05
1442,0f3629a9-da2f-45a7-ab13-77910f43f16e,0,1,0.004,1.94
1443,0f3938f3-b199-4a14-9017-8ac5cfcbe1bc,0,0,0.0,2.45
1444,0f3d8996-e9d5-44a5-a90a-aa3c47ba78b1,0,0,0.0,14.21
1445,0f3e73ba-e443-4e04-b4ca-4f90a49ba2ae,0,0,0.0,5.12
1446,0f43c886-9748-4aef-b69a-b88b70479a5a,0,0,0.0,11.07
1447,0f462f93-77dd-4940-bf5a-4da5a634c06f,0,1,0.0,39.63
1448,0f48fca1-ade6-4b8a-98c6-07bc7334fbd8,0,0,0.0,3.2
1449,0f49b316-5c46-48a4-9fd2-d7ae3e14fe6f,0,0,0.0,5.03
1450,0f49c467-de19-4111-a5e5-d7f468c5a40a,0,0,0.0,7.86
1451,0f51684e-c4fc-45f9-9dd6-fa56c2cd622d,0,0,0.0,78.7
1452,0f539055-9d20-425c-b859-73ca5acda7d0,0,0,0.0,3.99
1453,0f56b2a5-616a-40fe-a851-4866d584c543,0,0,0.0,12.37
1454,0f58750c-6d78-4caf-a0ec-b9ea3e8387fc,0,0,0.0,39.38
1455,0f5cd941-2065-4032-bcd8-aa9a2e3dd048,0,0,0.0373,0.43
1456,0f5facaa-8594-4318-9d20-33e04e4d3cbb,0,0,0.0,6.81
1457,0f606731-116e-4033-8e5c-1c242fc51b02,0,1,0.0,56.47
1458,0f61f5bc-2068-4be6-a9ca-1ba11a37e9a1,0,1,0.0,2.57
1459,0f624478-33a7-454e-b339-7bede6344333,0,0,0.0,10.96
1460,0f6412a6-be26-478b-b81c-782d784324a5,0,1,0.0,53.57
1461,0f645c26-0108-4c7e-a395-e659df035161,0,1,0.0035,2.38
1462,0f691429-3da5-4fcf-b415-e056f465c508,1,1,0.037,0.96
1463,0f692461-79af-40a1-9677-74fdb475b75e,1,0,0.0,3.59
1464,0f7413bb-a0b8-4ff6-a220-1ee1b38d72dc,0,0,0.0,8.99
1465,0f7a2334-41a8-447c-aa57-f0db7e4ac397,0,0,0.0,23.04
1466,0f7a2fbe-0f94-412f-9ba2-aec5934570b7,0,0,0.0,5.13
1467,0f7cf3d8-bf28-4bc2-aad2-89e5bbeb77c4,0,0,0.0,7.6
1468,0f7e4e02-638c-4b44-97aa-154ab422a484,0,0,0.0,16.05
1469,0f86c81f-7367-4378-9fc6-e362eec32022,0,0,0.0,7.34
1470,0f8b0acf-78e8-425e-889d-c9d07586d6b7,0,1,0.0,3.59
1471,0f8d02df-2ef0-450a-8eb7-9d09d883b2e5,0,1,0.2969,0.43
1472,0f8f90d9-c786-42ef-9475-fa2c83b11a21,0,1,0.0,13.43
1473,0f924a50-90ea-404b-8e9e-314a84e4fa77,0,0,0.0,10.87
1474,0f974235-2051-4f6b-ad9c-2f4ea64d7931,0,0,0.0,11.07
1475,0f9a7284-fc0c-42d4-b59c-d88ef727e759,0,0,0.0014,0.34
1476,0f9c8ae6-a62f-416c-aba4-f9ff12255a5c,0,0,0.0,169.49
1477,0f9d8768-eb30-44a0-a219-235eb915c4d0,0,1,0.0,21.11
1478,0f9f14d4-c904-4a50-af4f-c8e90164882d,0,1,0.0026,0.81
1479,0fa3ca88-b8f7-4b5b-959c-043fcd7391a9,0,0,0.0064,0.2
1480,0fa755c8-d3f7-4783-8c0c-fc0a4a6f7080,0,1,0.3326,0.14
1481,0fab86c4-a0d1-4a41-9938-5cfba3a0aca0,0,0,0.0,25.72
1482,0fb3a05b-15c3-4926-8623-c2e974317290,0,1,0.0582,0.34
1483,0fb87c34-11dc-4c01-a504-f51b26bb4298,0,1,0.5951,1.1
1484,0fba1cef-e9dc-469c-9387-230ca39e2d09,0,0,0.0,3.59
1485,0fba94bd-1a72-48e3-92c3-e276465e4f71,0,1,0.0,2.01
1486,0fbd76a9-d576-4c96-902c-b6a5e750d6fc,0,0,0.0,17.93
1487,0fbfaac3-16fb-4691-b1c4-46fb10efb5b6,0,0,0.639,0.01
1488,0fc984da-05d5-4c87-b216-dccf5efac57a,0,0,0.0,36.48
1489,0fcec1ad-1952-4233-b4ca-6e00f7c707c0,0,1,0.0,20.18
1490,0fcf93ea-88c1-4c84-9688-c16bc5a72a49,0,1,0.6051,0.35
1491,0fd1669b-57ac-4078-afb6-4551b17d56bf,0,0,0.0,34.53
1492,0fd8f2a5-c766-4940-8617-88a6510778ca,0,0,0.0,29.46
1493,0fdbd028-2639-4a1d-b2f8-37874a57c465,0,0,0.0,8.68
1494,0fe46e6d-e4ef-4636-912b-a76b19cafc4e,0,1,0.0016,0.63
1495,0fe6732a-8da9-4134-891c-98d189f0f6b8,0,0,0.0055,0.81
1496,0fe953d7-00eb-4d4c-8d66-9afab20777f9,0,0,0.3956,1.15
1497,0fe96f0a-4d73-445f-b87e-af478899b404,0,0,0.0,6.46
1498,0feed66b-259b-4007-84c1-9605dc6418e6,0,1,0.0,7.35
1499,0ff1f9f0-4a8e-46b5-8b91-440bc424ac41,0,1,0.0,4.92
